City_ID,City,Cloudiness,Country,Date,Humidity,Lat,Lng,Max Temp,Wind Speed
0,castro,20,CL,1515963505,57,-42.48,-73.76,66.13,8.01
1,new norfolk,40,AU,1515960000,67,-42.78,147.06,60.8,9.17
2,synya,88,RU,1515963507,96,65.37,58.04,29.18,8.79
3,butaritari,88,KI,1515963507,99,3.07,172.79,83.86,21.32
4,ancud,12,CL,1515963508,56,-41.87,-73.83,69.19,6.78
5,sao joao da barra,40,BR,1515960000,62,-21.64,-41.05,86.0,18.34
6,atuona,48,PF,1515963509,100,-9.8,-139.03,80.62,16.28
7,kaitangata,12,NZ,1515963510,36,-46.28,169.85,78.46,11.48
8,hilo,1,US,1515959760,74,19.71,-155.08,78.8,4.7
9,mataura,8,NZ,1515963511,35,-46.19,168.86,80.44,5.66
10,vaini,32,IN,1515963512,63,15.34,74.49,71.89,2.53
11,bambous virieux,75,MU,1515960000,78,-20.34,57.76,80.6,18.34
12,morondava,76,MG,1515963513,100,-20.3,44.28,73.78,5.99
13,puerto escondido,8,MX,1515963514,100,15.86,-97.07,79.54,7.78
14,lavrentiya,80,RU,1515963515,100,65.58,-170.99,19.64,26.24
15,dingle,92,PH,1515963515,100,11.0,122.67,71.89,7.23
16,zaysan,0,KZ,1515963516,34,47.47,84.87,-25.32,0.63
17,amahai,100,ID,1515963516,100,-3.31,129.0,77.74,9.13
18,rikitea,0,PF,1515963518,100,-23.12,-134.97,80.39,6.55
19,lyngseidet,0,NO,1515961200,58,69.58,20.21,26.6,24.16
20,miri,0,NG,1515963519,68,10.31,9.75,57.04,3.42
21,hermanus,64,ZA,1515963519,86,-34.42,19.24,60.91,5.44
22,darhan,0,MN,1515963520,24,49.49,105.92,-18.34,2.53
23,kruisfontein,0,ZA,1515963520,96,-34.0,24.73,65.18,7.56
24,vestmannaeyjar,88,IS,1515963521,99,63.44,-20.27,34.27,29.15
25,alta floresta,8,BR,1515963522,69,-9.87,-56.08,86.11,1.74
26,bandarbeyla,8,SO,1515963523,100,9.49,50.81,74.9,19.64
27,san vicente,0,SV,1515959400,33,13.64,-88.78,86.0,13.87
28,punta arenas,40,CL,1515960000,44,-53.16,-70.91,59.0,34.45
29,bluff,0,AU,1515963525,40,-23.58,149.07,69.64,11.14
30,port macquarie,75,AU,1515960000,93,-31.43,152.91,59.0,9.17
31,ponta do sol,44,BR,1515963526,73,-20.63,-46.0,78.73,2.98
32,port elizabeth,1,US,1515963300,38,39.31,-74.98,26.6,10.29
33,thompson,20,CA,1515960000,62,55.74,-97.86,-16.61,4.7
34,polunochnoye,0,RU,1515963529,91,60.87,60.43,14.11,8.23
35,aksu,0,KZ,1515961800,76,52.04,76.93,-4.01,11.18
36,lagoa,0,PT,1515961800,81,37.14,-8.45,50.0,5.82
37,ushuaia,75,AR,1515960000,76,-54.81,-68.31,51.8,28.86
38,carnarvon,0,ZA,1515963531,16,-30.97,22.13,74.0,13.71
39,east london,100,ZA,1515963481,100,-33.02,27.91,72.38,4.99
40,palmer,20,AU,1515960000,72,-34.85,139.16,60.8,9.17
41,esperance,40,TT,1515960000,62,10.24,-61.45,86.0,10.29
42,lebu,0,ET,1515960000,37,8.96,38.73,51.8,5.82
43,iqaluit,20,CA,1515960000,67,63.75,-68.52,-25.61,5.82
44,kapaa,1,US,1515959760,73,22.08,-159.32,75.2,3.53
45,kisesa,40,TZ,1515960000,94,-2.55,33.05,68.0,4.7
46,severo-kurilsk,76,RU,1515963539,100,50.68,156.12,23.29,14.16
47,nalut,44,LY,1515963539,73,31.86,10.98,41.11,5.99
48,nikolskoye,90,RU,1515961800,79,59.7,30.79,21.2,6.71
49,hualmay,8,PE,1515963540,63,-11.1,-77.61,74.23,4.09
50,jamestown,0,AU,1515963542,72,-33.21,138.6,54.83,8.01
51,lodja,20,CD,1515963542,94,-3.52,23.6,70.76,2.42
52,tuatapere,8,NZ,1515963543,62,-46.13,167.69,71.89,12.71
53,cherskiy,76,RU,1515963543,83,68.75,161.3,-19.24,4.65
54,cape town,20,ZA,1515960000,82,-33.93,18.42,68.0,8.05
55,saint-philippe,1,CA,1515960900,64,45.36,-73.48,1.4,5.82
56,pevek,68,RU,1515963545,95,69.7,170.27,-8.17,13.49
57,san patricio,64,PY,1515963546,91,-26.98,-56.83,78.37,3.53
58,sisimiut,8,GL,1515963546,100,66.94,-53.67,-22.62,1.63
59,buraydah,0,SA,1515960000,33,26.33,43.97,57.2,4.7
60,xuddur,8,SO,1515963547,55,4.12,43.89,61.81,4.09
61,codrington,0,AU,1515963548,72,-28.95,153.24,65.77,5.99
62,hobart,40,AU,1515960000,67,-42.88,147.33,60.8,9.17
63,kodiak,20,US,1515963549,96,39.95,-94.76,26.98,13.27
64,ishigaki,80,JP,1515963549,100,24.34,124.16,66.08,17.52
65,faanui,88,PF,1515963550,97,-16.48,-151.75,83.86,18.75
66,harper,1,US,1515960900,35,30.3,-99.24,59.0,9.17
67,buenos aires,90,AR,1515960000,83,-34.61,-58.44,69.8,8.05
68,abnub,0,EG,1515960000,62,27.27,31.15,55.4,13.87
69,saint-francois,92,FR,1515963553,87,46.42,3.91,37.55,5.21
70,presidente olegario,36,BR,1515963554,65,-18.42,-46.42,80.62,4.76
71,castrillon,40,ES,1515960000,81,43.4,-6.79,46.4,8.05
72,mayo,90,CA,1515960000,74,63.59,-135.9,37.4,12.75
73,yangambi,24,CD,1515963556,96,0.77,24.47,74.23,2.19
74,tarakan,88,ID,1515963558,100,3.3,117.63,75.44,4.65
75,longyearbyen,75,NO,1515959400,100,78.22,15.63,28.4,3.36
76,noormarkku,80,FI,1515961200,79,61.59,21.87,28.4,16.11
77,roebourne,0,AU,1515963561,82,-20.77,117.15,79.72,9.13
78,umm kaddadah,0,SD,1515963562,34,13.6,26.69,57.8,11.25
79,wairoa,12,NZ,1515963562,85,-39.04,177.43,69.01,8.79
80,quatre cocos,75,MU,1515960000,78,-20.21,57.76,80.6,18.34
81,georgetown,40,GY,1515960000,78,6.8,-58.16,80.6,9.17
82,busselton,0,AU,1515963564,81,-33.64,115.35,76.84,16.62
83,albany,20,US,1515959640,43,42.65,-73.75,15.8,5.82
84,camacha,20,PT,1515961800,62,33.08,-16.33,60.8,14.99
85,kovdor,76,RU,1515963565,82,67.56,30.47,22.48,8.46
86,assiniboia,0,CA,1515963566,68,49.63,-105.99,6.23,13.6
87,sharya,88,RU,1515963567,87,58.37,45.52,20.63,2.42
88,ilulissat,48,GL,1515963000,91,69.22,-51.1,1.4,21.92
89,madang,56,PG,1515963569,100,-5.21,145.81,75.35,4.43
90,airai,76,TL,1515963570,95,-8.93,125.41,69.59,0.51
91,torbay,75,CA,1515960000,86,47.66,-52.73,41.0,14.99
92,marawi,92,PH,1515963571,100,8.0,124.29,67.57,2.19
93,qaanaaq,76,GL,1515963572,100,77.48,-69.36,-10.2,8.23
94,faya,0,SA,1515960000,26,18.39,42.45,57.2,1.19
95,katangli,48,RU,1515963573,100,51.71,143.23,6.5,10.13
96,antofagasta,20,CL,1515960000,64,-23.65,-70.4,69.8,16.11
97,tasiilaq,36,GL,1515963000,53,65.61,-37.64,24.8,8.05
98,hasaki,20,JP,1515961800,86,35.73,140.83,26.6,6.93
99,cabo san lucas,40,MX,1515959100,60,22.89,-109.91,84.2,10.29
100,buta,0,CD,1515963578,42,2.79,24.73,81.61,4.43
101,fortuna,0,ES,1515960000,57,38.18,-1.13,51.8,3.36
102,namibe,80,AO,1515963579,100,-15.19,12.15,74.0,9.01
103,luderitz,0,NA,1515960000,77,-26.65,15.16,66.2,16.11
104,atocha,75,EC,1515960000,87,-1.22,-78.6,51.8,6.93
105,vila velha,20,BR,1515960000,74,-3.71,-38.6,82.4,11.41
106,shiyan,0,CN,1515963583,74,32.65,110.78,20.18,2.08
107,aklavik,40,CA,1515960000,75,68.22,-135.01,-5.81,11.41
108,rincon,1,US,1515962100,31,32.3,-81.24,50.0,6.93
109,pisco,0,PE,1515960000,83,-13.71,-76.2,71.6,10.29
110,key largo,20,US,1515959760,68,25.09,-80.45,71.6,11.41
111,daru,0,SL,1515963586,47,7.99,-10.85,72.88,5.1
112,noshiro,88,JP,1515963587,100,40.21,140.05,41.06,20.76
113,kharsawan,0,IN,1515963587,76,22.8,85.83,41.11,2.64
114,lasa,40,CY,1515961800,93,34.92,32.53,55.4,8.05
115,hambantota,8,LK,1515963589,100,6.12,81.12,77.38,14.83
116,seddon,44,NZ,1515963591,76,-41.67,174.07,69.5,4.21
117,talaya,68,RU,1515963591,62,55.79,84.89,-7.68,11.81
118,kahului,20,US,1515959760,73,20.89,-156.47,75.2,8.05
119,chapais,1,CA,1515960000,69,49.78,-74.86,-7.61,6.93
120,zunyi,92,CN,1515963594,88,27.73,106.92,43.13,3.2
121,jieshi,0,CN,1515963594,100,22.82,115.83,53.62,11.59
122,inirida,32,CO,1515963596,65,3.87,-67.92,85.12,2.98
123,butembo,24,CD,1515963596,88,0.12,29.29,59.56,0.96
124,barrow,0,AR,1515963378,43,-38.31,-60.23,71.66,10.13
125,upernavik,20,GL,1515963598,100,72.79,-56.15,4.25,7.56
126,telimele,0,GN,1515963599,59,10.9,-13.03,69.05,1.19
127,tiksi,24,RU,1515963600,80,71.64,128.87,-38.86,3.2
128,evensk,88,RU,1515963600,100,61.92,159.24,4.25,8.12
129,kilindoni,32,TZ,1515963603,97,-7.91,39.67,81.74,14.61
130,chapada dos guimaraes,40,BR,1515960000,69,-15.46,-55.75,82.4,5.82
131,clyde river,90,CA,1515962100,77,70.47,-68.59,-2.21,5.82
132,teguise,76,ES,1515963611,95,29.06,-13.56,62.3,17.29
133,puerto baquerizo moreno,40,EC,1515960000,69,-0.9,-89.6,80.6,16.11
134,dunedin,0,NZ,1515963615,48,-45.87,170.5,77.83,4.99
135,bredasdorp,92,ZA,1515960000,68,-34.53,20.04,69.8,14.99
136,vardo,5,US,1515962820,23,39.62,-77.74,26.6,9.17
137,port blair,76,IN,1515963619,100,11.67,92.75,81.74,8.12
138,oranjemund,92,ZA,1515963620,94,-28.55,16.43,62.39,9.01
139,sinnamary,80,GF,1515963620,100,5.38,-52.96,75.94,6.67
140,kayerkan,8,RU,1515963622,0,69.35,87.76,-39.22,3.65
141,padang,92,ID,1515963624,100,-0.92,100.36,82.87,1.52
142,axim,12,GH,1515963624,97,4.87,-2.24,81.38,13.15
143,tuktoyaktuk,40,CA,1515960000,71,69.44,-133.03,8.6,13.87
144,yellowknife,75,CA,1515960000,74,62.45,-114.38,-27.41,4.7
145,norman wells,90,CA,1515960000,78,65.28,-126.83,14.0,17.22
146,mareeba,40,AU,1515960000,88,-16.99,145.42,75.2,2.75
147,mahebourg,75,MU,1515960000,78,-20.41,57.7,80.6,18.34
148,ouro fino,24,BR,1515963628,95,-22.28,-46.37,68.51,3.09
149,la cruz,0,MX,1515963629,45,23.92,-106.89,82.51,3.09
150,bukan,48,IR,1515963630,92,36.52,46.21,35.71,9.46
151,bol,12,TD,1515963632,22,13.47,14.72,66.44,11.25
152,paka,90,HR,1515961800,86,45.29,18.06,28.4,9.17
153,kavieng,0,PG,1515963633,100,-2.57,150.8,83.23,1.52
154,mount gambier,92,AU,1515963378,90,-37.83,140.78,60.59,3.42
155,salalah,0,OM,1515959400,45,17.01,54.1,68.0,1.12
156,griffith,0,AU,1515963635,51,-34.29,146.06,60.23,10.58
157,hereford,92,GB,1515963636,94,52.06,-2.72,38.18,13.71
158,armenis,88,RO,1515963636,72,45.2,22.32,19.42,3.98
159,port alfred,56,ZA,1515963492,97,-33.59,26.89,70.72,5.21
160,laguna,75,MX,1515958800,27,27.52,-110.01,78.8,3.36
161,isangel,0,VU,1515963639,100,-19.55,169.27,80.53,9.13
162,general teran,75,MX,1515958800,58,25.27,-99.68,57.2,8.05
163,dillon,1,US,1515959580,64,45.22,-112.64,35.6,4.7
164,ballina,90,IE,1515960000,100,54.11,-9.15,48.2,18.34
165,geraldton,90,CA,1515962460,71,49.72,-86.95,6.8,5.82
166,hobyo,0,SO,1515963642,87,5.35,48.53,74.14,16.84
167,adrar,0,DZ,1515960000,11,27.87,-0.29,60.8,6.93
168,comodoro rivadavia,0,AR,1515960000,36,-45.87,-67.48,77.0,14.99
169,miyako,0,JP,1515961800,86,33.63,130.94,35.6,6.93
170,puranpur,0,IN,1515963644,84,28.51,80.15,43.31,2.75
171,saskylakh,44,RU,1515963645,0,71.97,114.09,-43.99,3.42
172,san cristobal,75,EC,1515960000,87,-0.39,-78.55,51.8,6.93
173,salinopolis,80,BR,1515963646,94,-0.61,-47.36,81.74,13.15
174,vila,75,IT,1515961200,100,45.18,8.4,33.8,1.12
175,cidreira,80,BR,1515963648,100,-30.17,-50.22,76.57,3.53
176,krasavino,64,RU,1515963648,87,60.96,46.48,21.58,8.79
177,mandera,0,ET,1515963649,40,3.94,41.86,64.78,5.21
178,victoria,90,BN,1515960000,100,5.28,115.24,75.2,5.77
179,hithadhoo,44,MV,1515963654,100,-0.6,73.08,81.52,7.67
180,babu,88,CN,1515963655,95,23.23,104.89,41.38,2.08
181,athabasca,0,CA,1515963355,82,54.72,-113.29,-0.03,4.43
182,mongoumba,0,CD,1515963655,80,3.64,18.59,75.8,2.08
183,ikorodu,12,NG,1515960000,83,6.62,3.5,80.6,3.36
184,carutapera,88,BR,1515963659,80,-1.2,-46.02,81.79,9.01
185,te anau,20,NZ,1515963660,44,-45.41,167.72,73.24,12.15
186,cordoba,68,CO,1515963661,92,5.59,-73.79,57.94,1.52
187,galabovo,68,BG,1515963662,90,42.14,25.87,23.83,3.76
188,avera,1,US,1515962100,35,33.19,-82.53,46.4,6.93
189,touros,80,BR,1515963663,81,-5.2,-35.46,81.07,13.6
190,whakatane,20,NZ,1515963664,100,-37.96,176.99,69.01,11.48
191,okato,0,NZ,1515963664,93,-39.19,173.88,68.69,12.71
192,den helder,0,NL,1515961500,86,52.96,4.76,41.0,8.05
193,eyl,0,SO,1515963665,94,7.98,49.82,73.1,18.07
194,tessalit,0,ML,1515963666,31,20.2,1.01,56.63,9.57
195,kurumkan,48,RU,1515963667,80,54.33,110.32,-4.53,2.42
196,ribeira grande,75,PT,1515961800,77,38.52,-28.7,60.8,5.82
197,fochabers,0,GB,1515963000,89,57.61,-3.1,46.4,19.46
198,high level,75,CA,1515960000,76,58.52,-117.13,-9.41,4.7
199,plainview,1,US,1515960900,27,34.18,-101.71,57.2,10.29
200,chokurdakh,48,RU,1515963669,86,70.62,147.9,-39.72,7.0
201,biryusinsk,68,RU,1515963670,60,55.96,97.82,9.56,11.03
202,rocha,100,UY,1515963671,100,-34.48,-54.34,68.92,12.03
203,ardakan,0,IR,1515960000,14,32.31,54.02,48.2,6.93
204,puerto ayora,75,EC,1515960000,51,-0.74,-90.35,84.2,21.92
205,hokitika,80,NZ,1515963674,84,-42.72,170.96,69.46,5.55
206,port lincoln,0,AU,1515963674,98,-34.72,135.86,62.98,11.03
207,mazagao,75,BR,1515960000,66,-0.12,-51.29,89.6,4.7
208,mar del plata,0,AR,1515963444,27,-46.43,-67.52,79.94,7.78
209,lishu,0,CN,1515963676,66,43.31,124.32,-0.3,7.23
210,roros,24,NO,1515961200,73,62.57,11.38,21.2,13.87
211,paamiut,68,GL,1515963682,100,61.99,-49.67,19.33,14.72
212,chuy,100,UY,1515963682,100,-33.69,-53.46,72.61,10.8
213,kaarina,20,FI,1515963000,79,60.41,22.37,26.6,8.05
214,australind,68,AU,1515963684,54,-33.28,115.72,77.74,9.13
215,muscatine,90,US,1515962160,79,41.42,-91.04,23.0,13.87
216,whitehorse,75,CA,1515960000,86,60.72,-135.06,37.4,19.46
217,quetigny,24,FR,1515961800,87,47.31,5.12,33.8,3.36
218,greytown,0,ZA,1515963686,70,-29.06,30.59,63.97,1.97
219,montepuez,92,MZ,1515963687,99,-13.13,39.0,69.41,2.98
220,mont-saint-guibert,40,BE,1515963000,93,50.64,4.61,39.2,8.05
221,charters towers,48,AU,1515963688,87,-20.07,146.27,75.31,4.54
222,brigantine,1,US,1515963360,35,39.41,-74.36,26.6,8.05
223,doctor juan manuel frutos,80,PY,1515963690,81,-25.39,-55.83,79.76,9.24
224,coahuayana,36,MX,1515963690,31,18.62,-100.35,75.35,2.75
225,atherton,40,GB,1515963000,80,53.52,-2.49,39.2,9.17
226,provideniya,90,RU,1515961800,67,64.42,-173.23,19.4,22.37
227,serebryansk,0,KZ,1515960000,75,49.68,83.3,-16.61,2.24
228,mugur-aksy,0,RU,1515963693,46,50.38,90.44,-33.73,2.98
229,katsuura,0,JP,1515963694,100,33.93,134.5,27.79,3.98
230,belaya gora,0,RU,1515963695,0,68.54,146.19,-58.03,2.98
231,oriximina,24,BR,1515963696,56,-1.77,-55.87,88.85,3.76
232,guaramirim,75,BR,1515960000,88,-26.47,-49.0,75.2,23.04
233,khatanga,12,RU,1515963697,0,71.98,102.47,-44.4,2.98
234,pachino,20,IT,1515959400,93,36.72,15.09,44.6,3.36
235,narsaq,0,GL,1515963000,45,60.91,-46.05,1.4,5.82
236,vredefort,32,ZA,1515963699,43,-27.0,27.37,68.78,5.21
237,sitka,0,US,1515963699,48,37.17,-99.65,52.54,9.01
238,kardamaina,40,GR,1515961200,66,36.78,27.14,48.2,17.22
239,hinton,68,CA,1515963444,91,53.4,-117.57,24.68,1.97
240,lock haven,1,US,1515963240,48,41.14,-77.45,19.4,8.05
241,cayenne,75,GF,1515961800,94,4.94,-52.33,77.0,4.76
242,feijo,75,EC,1515960000,74,-3.63,-79.92,78.8,9.17
243,surt,0,LY,1515963704,100,31.21,16.59,53.53,2.75
244,vila franca do campo,40,PT,1515961800,82,37.72,-25.43,59.0,10.29
245,boca do acre,56,BR,1515963705,88,-8.76,-67.39,78.46,3.42
246,vostok,80,RU,1515963706,92,46.45,135.83,18.61,3.2
247,bilibino,80,RU,1515963707,85,68.06,166.44,-20.73,3.09
248,coihaique,0,CL,1515960000,37,-45.58,-72.07,68.0,9.17
249,natal,40,BR,1515960000,70,-5.81,-35.21,84.2,18.34
250,mahajanga,20,MG,1515960000,88,-15.72,46.32,78.8,2.24
251,bundaberg,56,AU,1515963547,100,-24.87,152.35,76.7,10.58
252,nome,1,US,1515960900,27,30.04,-94.42,53.6,5.77
253,saldanha,0,PT,1515963711,88,41.42,-6.55,28.91,2.75
254,lompoc,1,US,1515959880,19,34.64,-120.46,80.6,11.41
255,laerdalsoyri,20,NO,1515959400,54,61.1,7.48,28.4,5.82
256,arraial do cabo,40,BR,1515960000,74,-22.97,-42.02,82.4,12.75
257,poitiers,90,FR,1515961800,87,46.58,0.34,44.6,2.24
258,kailua,40,US,1515962220,73,21.39,-157.74,78.8,3.76
259,barranca,8,PE,1515963715,97,-10.75,-77.76,69.01,2.75
260,balakhta,68,RU,1515963715,82,55.38,91.62,2.9,12.03
261,inhambane,36,MZ,1515963716,98,-23.87,35.38,76.57,9.13
262,broome,90,GB,1515963360,86,52.47,1.45,41.0,9.17
263,luanda,0,AO,1515960000,78,-8.83,13.24,78.8,4.7
264,skjervoy,0,NO,1515961200,68,70.03,20.97,26.6,26.4
265,huarmey,12,PE,1515963724,55,-10.07,-78.15,74.09,3.76
266,ust-kuyga,0,RU,1515963726,0,70.0,135.55,-62.58,2.75
267,iranshahr,0,IR,1515960000,14,27.21,60.69,51.8,4.7
268,skibbereen,75,IE,1515961800,100,51.55,-9.27,48.2,26.4
269,saint-augustin,90,FR,1515961800,100,44.83,-0.61,46.4,4.7
270,chibuto,0,MZ,1515963730,81,-24.69,33.53,74.18,8.79
271,fort nelson,90,CA,1515960000,77,58.81,-122.69,5.0,3.36
272,soyo,20,AO,1515963730,95,-6.13,12.37,72.38,2.75
273,lorengau,0,PG,1515963731,100,-2.02,147.27,82.87,3.2
274,nanortalik,20,GL,1515963732,100,60.14,-45.24,19.78,30.38
275,mogadishu,8,SO,1515963732,99,2.04,45.34,77.78,22.55
276,saint george,75,GR,1515959400,87,39.45,22.34,44.6,8.05
277,yarim,0,YE,1515963734,30,14.3,44.38,23.11,1.97
278,guatire,20,VE,1515960000,70,10.47,-66.54,84.2,4.7
279,baiyin,20,CN,1515960000,78,36.55,104.13,15.8,4.47
280,matara,76,PE,1515963736,54,-13.74,-72.9,56.0,2.42
281,ribnitz-damgarten,56,DE,1515961200,79,54.24,12.43,26.6,10.29
282,maragogi,80,BR,1515963575,94,-9.01,-35.22,77.6,8.68
283,avarua,75,CK,1515960000,83,-21.21,-159.78,84.2,8.05
284,las tunas,88,CU,1515963738,97,20.96,-76.96,74.09,11.81
285,bayir,0,TR,1515961200,75,37.27,28.22,44.6,2.19
286,coquimbo,75,CL,1515960000,68,-29.95,-71.34,69.8,10.29
287,dandong,0,CN,1515963741,71,40.12,124.37,16.72,6.67
288,sao filipe,88,CV,1515963742,93,14.9,-24.5,73.24,16.62
289,dubbo,0,AU,1515960000,62,-32.25,148.6,59.0,3.36
290,ternate,20,PH,1515960000,94,14.29,120.72,75.2,19.86
291,batticaloa,100,LK,1515963746,100,7.71,81.69,77.24,8.57
292,flinders,32,AU,1515960000,62,-34.58,150.85,57.2,9.17
293,leningradskiy,36,RU,1515963747,100,69.38,178.42,-6.1,28.14
294,sorland,0,NO,1515959400,59,67.67,12.69,33.8,17.22
295,ginir,0,ET,1515963757,63,7.14,40.71,43.85,2.53
296,clyde,12,NZ,1515963758,42,-45.19,169.32,71.08,4.09
297,ambon,90,FR,1515961800,100,47.55,-2.56,41.0,4.09
298,almenara,24,BR,1515963761,59,-16.17,-40.69,81.29,6.67
299,namtsy,36,RU,1515963762,0,62.72,129.66,-43.5,3.98
300,koumac,44,NC,1515963762,78,-20.56,164.28,80.08,7.67
301,maltahohe,24,NA,1515963764,29,-24.83,16.98,81.83,14.61
302,atambua,92,ID,1515963765,100,-9.11,124.89,75.49,4.21
303,byron bay,0,AU,1515960000,56,-28.65,153.62,68.0,12.75
304,la ronge,20,CA,1515960000,62,55.1,-105.3,-14.81,5.82
305,cooma,20,AU,1515963767,82,-36.24,149.13,48.22,8.23
306,anlu,0,CN,1515963767,70,31.26,113.68,25.54,4.99
307,mount isa,0,AU,1515960000,26,-20.73,139.49,78.8,8.05
308,ambilobe,92,MG,1515963768,98,-13.19,49.05,71.08,4.99
309,shushtar,0,IR,1515959400,30,32.05,48.86,55.4,4.7
310,half moon bay,75,US,1515961680,87,37.46,-122.43,57.2,3.98
311,deer lake,90,CA,1515960000,79,49.18,-57.43,23.0,9.17
312,matveyev kurgan,80,RU,1515963770,65,47.57,38.86,15.64,20.2
313,gojra,0,PK,1515963586,82,31.15,72.69,47.14,2.75
314,grindavik,75,IS,1515961800,85,63.84,-22.43,24.8,32.21
315,chenghai,0,CN,1515960000,93,23.46,116.77,48.2,13.27
316,tezu,100,IN,1515963775,64,27.93,96.16,49.88,1.63
317,takoradi,8,GH,1515963776,96,4.89,-1.75,78.95,8.12
318,mbandaka,36,CD,1515963776,97,0.05,18.26,72.61,2.19
319,san clemente,40,US,1515959880,15,33.43,-117.61,82.4,3.42
320,narasannapeta,0,IN,1515963777,100,18.42,84.04,59.02,0.4
321,lata,0,IN,1515963778,82,30.78,78.62,19.73,0.51
322,noumea,0,NC,1515961800,58,-22.28,166.46,82.4,2.24
323,biloela,0,AU,1515963779,49,-24.4,150.51,65.86,12.03
324,jiayuguan,24,CN,1515963781,61,39.77,98.29,2.0,2.08
325,umea,90,SE,1515961200,96,63.83,20.26,32.0,19.46
326,sur,0,OM,1515963783,100,22.57,59.53,66.22,0.96
327,kenai,40,US,1515959760,82,60.55,-151.26,32.0,4.7
328,semypolky,0,UA,1515961800,92,50.72,30.95,17.6,6.71
329,russell,20,AR,1515960000,42,-33.01,-68.8,80.6,5.82
330,george,12,NG,1515960000,83,6.63,3.35,80.6,3.36
331,saint anthony,1,US,1515959580,80,43.97,-111.68,33.8,3.36
332,uray,92,RU,1515963787,86,60.13,64.8,14.02,9.01
333,coolum beach,0,AU,1515963787,85,-26.53,153.09,73.87,10.8
334,dakar,24,SN,1515960000,68,14.69,-17.45,71.6,11.41
335,itacoatiara,0,BR,1515963788,60,-3.14,-58.44,87.01,4.09
336,mahbubnagar,0,IN,1515963789,82,16.74,77.99,68.33,3.98
337,pointe michel,75,DM,1515960000,62,15.25,-61.38,84.2,5.82
338,jinxiang,0,CN,1515963791,63,35.07,116.31,24.23,7.0
339,salamiyah,48,SY,1515963792,90,35.01,37.05,38.81,6.11
340,guerrero negro,64,MX,1515963793,35,27.97,-114.04,77.38,3.53
341,zhangjiakou,48,CN,1515963793,64,40.77,114.88,1.1,2.53
342,walvis bay,0,NA,1515963794,100,-22.95,14.51,65.77,1.97
343,tual,80,ID,1515963795,100,-5.67,132.75,77.69,7.0
344,corner brook,90,CA,1515960000,79,48.95,-57.95,23.0,9.17
345,nelson bay,40,AU,1515960000,77,-32.72,152.14,60.8,11.41
346,marsa matruh,40,EG,1515960000,76,31.35,27.25,57.2,9.17
347,strezhevoy,0,RU,1515961800,83,60.73,77.6,-14.81,4.47
348,kudahuvadhoo,64,MV,1515963798,100,2.67,72.89,81.52,10.13
349,talnakh,0,RU,1515963798,89,69.49,88.39,-40.84,3.98
350,filingue,0,NE,1515963799,29,14.35,3.32,62.48,8.68
351,kihei,20,US,1515959760,73,20.76,-156.45,75.2,8.05
352,bathsheba,75,BB,1515960000,83,13.22,-59.52,80.6,12.75
353,portland,40,US,1515963180,58,45.52,-122.67,59.0,12.75
354,potiskum,0,NG,1515963801,34,11.71,11.08,64.42,9.46
355,lazarevac,75,RS,1515961800,86,44.38,20.26,28.4,13.87
356,tiznit,8,MA,1515963802,97,29.7,-9.73,55.46,11.48
357,klaksvik,88,FO,1515963000,69,62.23,-6.59,39.2,12.75
358,awjilah,0,LY,1515963803,74,29.14,21.3,52.63,8.23
359,kavaratti,0,IN,1515963804,100,10.57,72.64,82.42,5.44
360,dwarka,0,IN,1515961800,81,28.58,77.04,50.0,2.75
361,ugoofaaru,0,MV,1515963805,100,5.67,73.0,81.07,19.3
362,port-gentil,68,GA,1515963806,96,-0.72,8.78,80.03,7.45
363,polovinnoye,68,RU,1515963807,71,54.79,65.99,-1.83,7.56
364,altay,0,CN,1515963809,33,47.83,88.13,-26.85,2.53
365,uberlandia,12,BR,1515963810,75,-18.92,-48.28,79.76,3.09
366,constitucion,5,MX,1515959340,16,23.99,-104.67,66.2,4.7
367,nishihara,1,JP,1515963360,68,35.74,139.53,35.6,3.42
368,los llanos de aridane,75,ES,1515961800,59,28.66,-17.92,62.6,10.29
369,tarko-sale,24,RU,1515963813,38,64.92,77.78,-25.05,3.65
370,denia,24,ES,1515963544,100,38.84,0.11,52.76,13.04
371,albert lea,90,US,1515962100,78,43.65,-93.37,19.4,11.41
372,srikakulam,0,IN,1515963815,100,18.29,83.89,75.71,4.99
373,arona,75,IT,1515961200,100,45.76,8.56,39.2,1.12
374,marau,40,BR,1515960000,65,-28.45,-52.2,80.6,13.87
375,bubaque,0,GW,1515960000,33,11.28,-15.83,86.0,2.24
376,burns lake,32,CA,1515963616,80,54.23,-125.76,6.37,2.98
377,windhoek,36,NA,1515960000,38,-22.57,17.08,77.0,4.7
378,buchanan,20,LR,1515961800,83,5.88,-10.05,78.8,9.13
379,novobiryusinskiy,56,RU,1515963820,55,56.96,97.71,6.14,10.25
380,saint-pierre,0,FR,1515961800,93,48.95,4.24,37.4,6.93
381,channel-port aux basques,68,CA,1515963821,100,47.57,-59.14,27.83,20.65
382,kiruna,90,SE,1515961200,92,67.86,20.23,10.4,25.28
383,dolores,88,AR,1515963826,77,-36.31,-57.68,66.8,14.27
384,olinda,75,EC,1515960000,48,-2.03,-79.75,87.8,8.05
385,aguimes,20,ES,1515961800,67,27.91,-15.45,60.8,12.75
386,denpasar,20,ID,1515960000,94,-8.65,115.22,77.0,3.36
387,bud,0,NO,1515963000,40,62.91,6.91,39.2,9.17
388,sawakin,0,SD,1515960000,69,19.1,37.33,77.0,5.82
389,muli,0,IN,1515963830,66,22.62,71.45,66.08,5.44
390,margate,40,AU,1515960000,67,-43.03,147.26,60.8,9.17
391,maues,8,BR,1515963832,56,-3.38,-57.72,88.76,3.98
392,paraisopolis,40,BR,1515960000,51,-22.55,-45.78,86.0,4.7
393,yangjiang,0,CN,1515963834,100,21.85,111.96,58.88,12.15
394,edmundston,1,CA,1515959640,64,47.36,-68.33,5.0,9.17
395,aykhal,36,RU,1515963835,60,65.95,111.51,-34.9,2.75
396,college,1,US,1515959880,84,64.86,-147.8,32.0,8.23
397,vanimo,12,PG,1515963836,100,-2.67,141.3,82.24,4.99
398,lamu,92,ID,1515963837,100,0.57,122.3,71.39,1.07
399,cao bang,92,VN,1515963837,100,22.67,106.25,48.94,2.98
400,tautira,20,PF,1515961800,58,-17.73,-149.15,87.8,17.22
401,sungairaya,92,ID,1515963838,100,0.7,108.9,72.34,7.67
402,bethel,90,US,1515959580,80,60.79,-161.76,35.6,14.99
403,ust-nera,0,RU,1515963840,0,64.57,143.24,-65.55,1.74
404,waipawa,88,NZ,1515963840,87,-39.94,176.59,66.08,8.12
405,nuristan,0,UZ,1515961800,64,38.49,65.64,37.4,4.7
406,arica,0,CL,1515960000,57,-18.48,-70.32,77.0,17.22
407,kieta,64,PG,1515963842,97,-6.22,155.63,81.34,2.98
408,mirandela,0,PT,1515963843,81,41.49,-7.18,27.2,2.42
409,kimbe,92,PG,1515963843,100,-5.56,150.15,81.16,2.53
410,sayyan,0,YE,1515963844,39,15.17,44.32,22.84,2.08
411,houston,1,US,1515960900,40,29.76,-95.37,57.2,5.82
412,burnie,0,AU,1515963846,100,-41.05,145.91,62.08,14.83
413,liverpool,40,GB,1515963000,93,53.41,-2.98,39.2,18.34
414,vanavara,44,RU,1515963847,66,60.35,102.28,-1.47,4.76
415,dikson,68,RU,1515963848,100,73.51,80.55,-9.75,27.69
416,biak,56,ID,1515963848,100,-0.91,122.88,74.68,3.09
417,hashtrud,76,IR,1515963850,95,37.48,47.05,33.91,10.13
418,constantine,40,DZ,1515961800,86,36.36,6.61,41.0,2.24
419,neiafu,75,TO,1515960000,83,-18.65,-173.98,82.4,9.17
420,jambi,92,ID,1515963675,77,-1.6,103.62,75.35,4.43
421,eagle pass,20,MX,1515958800,41,28.71,-100.5,60.8,16.11
422,mildura,0,AU,1515963852,54,-34.18,142.16,59.11,10.58
423,dalvik,75,SE,1515961200,79,57.79,14.13,24.8,12.75
424,homer,90,US,1515962100,93,59.64,-151.54,42.8,3.36
425,aswan,0,EG,1515960000,30,24.09,32.9,55.4,4.7
426,ossora,0,RU,1515963855,79,59.24,163.07,4.03,7.23
427,teresina,0,BR,1515960000,43,-5.09,-42.81,91.4,4.7
428,cumbal,75,CO,1515960000,87,0.91,-77.79,51.8,5.82
429,ola,12,RU,1515960000,72,59.58,151.3,-41.81,2.98
430,alyangula,12,AU,1515963857,100,-13.85,136.42,83.18,12.59
431,zabol,0,IR,1515960000,32,31.03,61.49,41.0,4.7
432,mackenzie,90,CA,1515960000,84,55.34,-123.09,8.6,3.36
433,jalu,36,LY,1515963859,67,29.03,21.55,54.74,7.78
434,karratha,0,AU,1515963669,82,-20.74,116.85,79.72,9.13
435,le mars,90,US,1515962100,85,42.79,-96.17,24.8,11.41
436,fukue,20,JP,1515961800,74,35.03,136.69,37.4,10.29
437,shwebo,0,MM,1515963862,87,22.57,95.7,54.65,2.75
438,baghdad,0,IQ,1515961800,50,33.3,44.38,51.8,2.24
439,segou,0,SN,1515963864,26,12.41,-12.29,72.11,8.23
440,havelock,5,US,1515959880,47,34.88,-76.9,37.4,13.87
441,san quintin,48,PH,1515963865,82,17.54,120.52,64.42,2.64
442,mombetsu,68,JP,1515963866,100,44.35,143.35,28.87,14.83
443,livingston,1,US,1515959880,24,32.58,-88.19,46.4,5.82
444,najran,0,SA,1515960000,17,17.54,44.22,51.8,2.19
445,kirkwall,92,GB,1515963000,81,58.98,-2.96,44.6,29.97
446,opunake,0,NZ,1515963868,84,-39.45,173.86,70.63,7.45
447,porto novo,44,BR,1515963869,80,-23.68,-45.44,76.88,2.98
448,koutsouras,0,GR,1515963870,100,35.03,25.95,56.23,16.17
449,rio gallegos,40,AR,1515960000,67,-51.62,-69.22,60.8,33.33
450,maxixe,36,MZ,1515963873,98,-23.86,35.35,76.57,9.13
451,flin flon,5,CA,1515960000,63,54.77,-101.88,-11.21,14.99
452,usinsk,88,RU,1515963874,93,66.0,57.56,31.43,13.27
453,shelburne,90,CA,1515960000,62,44.08,-80.2,19.4,4.7
454,diapaga,8,BF,1515963875,34,12.07,1.79,62.08,7.0
455,honningsvag,0,NO,1515963000,67,70.98,25.97,23.0,38.03
456,duvan,76,RU,1515963876,76,55.69,57.9,-0.57,3.09
457,yumen,0,CN,1515963877,70,40.29,97.04,17.26,15.73
458,korsakov,75,RU,1515961800,86,46.63,142.78,28.4,6.71
459,ostersund,75,SE,1515961200,73,63.18,14.64,21.2,24.16
460,sioux lookout,75,CA,1515960000,71,50.1,-91.92,3.2,5.82
461,zhanaozen,12,KZ,1515963654,83,43.35,52.85,19.19,12.71
462,torres,44,BR,1515963621,94,-29.34,-49.73,76.79,4.99
463,itamaraca,40,BR,1515960000,74,-7.75,-34.83,84.2,11.41
464,oranjestad,40,AW,1515960000,70,12.52,-70.03,86.0,16.11
465,york,1,US,1515962100,44,39.96,-76.73,23.0,5.82
466,bend,90,US,1515963360,100,44.06,-121.32,33.8,3.36
467,emerald,0,AU,1515963891,40,-23.53,148.16,69.73,12.15
468,san jeronimo,76,PE,1515963892,54,-13.65,-73.37,56.0,2.42
469,baijiantan,64,CN,1515963893,80,45.63,85.18,1.19,7.11
470,cockburn town,64,TC,1515963893,100,21.46,-71.14,78.41,17.74
471,sal rei,75,CV,1515960000,78,16.18,-22.92,71.6,16.11
472,ahipara,68,NZ,1515963895,83,-35.17,173.16,71.75,14.05
473,belmonte,0,PT,1515963895,80,40.36,-7.35,29.14,4.76
474,port keats,64,AU,1515963896,100,-14.25,129.55,76.03,9.46
475,teahupoo,20,PF,1515961800,58,-17.83,-149.27,87.8,17.22
476,rio grande,75,BR,1515962700,83,-32.03,-52.1,82.4,11.41
477,hastings,64,NZ,1515963898,100,-39.64,176.84,66.89,11.81
478,rabak,0,SD,1515963901,37,13.18,32.74,74.0,12.48
479,beruwala,24,LK,1515963901,100,6.48,79.98,76.48,1.63
480,abha,0,SA,1515960000,26,18.22,42.5,57.2,0.4
481,along,64,IN,1515963903,82,28.17,94.8,47.09,1.63
482,viedma,0,AR,1515963904,33,-40.81,-62.99,80.17,10.58
483,erzin,0,TR,1515961200,93,36.95,36.2,44.6,4.7
484,grenaa,44,DK,1515961200,86,56.42,10.88,30.2,11.41
485,tamluk,0,IN,1515961800,93,22.29,87.93,53.6,2.75
486,gornopravdinsk,80,RU,1515963906,85,60.06,69.92,7.31,7.11
487,vangaindrano,92,MG,1515963907,96,-23.35,47.6,70.54,2.64
488,koltubanovskiy,88,RU,1515963908,85,52.94,52.03,3.22,3.09
489,road town,75,VG,1515960000,62,18.42,-64.62,86.0,10.29
490,berezovka,80,RU,1515963909,75,57.6,57.31,5.6,5.55
491,stromness,90,CA,1515963240,72,42.87,-79.55,19.4,3.36
492,katherine,68,AU,1515960000,83,-14.47,132.26,78.8,10.47
493,mount pleasant,1,US,1515963360,39,33.16,-94.97,50.0,8.05
494,aksarka,80,RU,1515963912,84,66.56,67.8,26.3,15.05
495,belyy yar,0,RU,1515961800,59,53.6,91.39,3.2,11.18
496,tabou,0,CI,1515963914,97,4.42,-7.36,82.28,12.48
497,buluang,90,PH,1515960000,94,10.47,123.98,75.2,2.24
498,itoman,90,JP,1515963360,87,26.12,127.67,62.6,8.05
499,republic,90,US,1515959580,96,48.65,-118.74,33.8,5.82
500,hofn,64,IS,1515963917,100,64.25,-15.21,33.68,21.88
501,paraiso,5,MX,1515959340,16,24.01,-104.61,66.2,4.7
502,muisne,20,EC,1515963662,96,0.61,-80.02,77.15,8.01
503,hami,0,CN,1515963920,63,42.84,93.51,2.54,2.75
504,lahij,0,YE,1515963920,94,13.06,44.88,53.03,3.65
505,denizli,75,TR,1515961440,100,37.77,29.09,35.6,5.82
506,killybegs,92,IE,1515963922,97,54.63,-8.45,48.67,24.11
507,gizo,40,IL,1515961200,82,31.8,34.94,60.8,1.12
508,komsomolskiy,92,RU,1515963923,94,67.55,63.78,32.02,22.32
509,marrakesh,40,MA,1515961800,66,31.63,-7.99,53.6,5.82
510,bafoulabe,0,ML,1515963925,42,13.81,-10.83,68.92,5.99
511,severnoye,68,RU,1515963926,76,54.09,52.54,2.77,2.98
512,yueyang,0,CN,1515963926,84,29.36,113.12,30.04,2.64
513,nizip,75,TR,1515961200,93,37.01,37.79,37.4,2.24
514,shetpe,12,KZ,1515963928,83,44.14,52.16,11.9,6.78
515,rabo de peixe,40,PT,1515961800,82,37.8,-25.58,59.0,10.29
516,camabatela,8,AO,1515963930,92,-8.19,15.37,60.86,2.64
517,sichevita,75,RO,1515961800,63,44.73,21.85,30.2,12.75
518,mehriz,0,IR,1515960000,14,31.58,54.44,48.2,6.93
519,mucurapo,40,TT,1515960000,62,10.67,-61.53,86.0,10.29
