lat,lng,nearest_city_cityname,nearest_city_countrycode,Temp,Humidity,Cloudiness,WindSpeed,DT
60,66,lugovoy,ru,46.46,91,92,16.89,1527725478
48,-68,price,ca,,,,,
50,-98,carman,ca,66.29,100,1,12.75,1527724500
2,0,cape coast,gh,72.38,98,88,2.75,1527725479
56,82,kolyvan,ru,51.8,81,90,13.42,1527723000
0,64,thinadhoo,mv,83.27,100,92,15.95,1527725479
34,38,yabrud,sy,62.6,63,0,11.41,1527721200
40,50,zig,az,,,,,
0,28,butembo,cd,56.36,93,24,1.97,1527725479
6,-76,salgar,co,67.05,88,75,2.24,1527721200
12,-4,solenzo,bf,79.49,78,0,7.72,1527725479
46,52,balykshi,kz,,,,,
22,-86,isla mujeres,mx,82.4,88,90,12.75,1527720360
36,44,irbil,iq,,,,,
40,124,dandong,cn,70.67,57,0,4.25,1527725480
14,-90,conguaco,gt,81.38,73,80,3.58,1527725480
-34,48,taolanaro,mg,,,,,
0,118,bontang,id,79.22,100,92,8.84,1527725480
60,76,megion,ru,41,65,0,8.95,1527723000
46,-128,ucluelet,ca,55.4,62,20,17.22,1527724800
40,-96,beatrice,us,86,45,1,11.41,1527724440
28,80,pawayan,in,83.36,56,44,9.51,1527725481
-20,-44,ibirite,br,63.5,63,0,6.93,1527721200
-16,24,senanga,zm,57.17,79,0,2.8,1527725481
48,92,ulaangom,mn,46.73,59,64,2.46,1527725482
48,66,zhezkazgan,kz,43.58,54,64,10.85,1527725482
-16,106,kawalu,id,66.89,96,64,1.23,1527725482
72,20,skjervoy,no,39.89,100,32,2.3,1527725482
6,18,bouca,cf,70.76,91,8,2.75,1527724888
46,44,arshan,ru,,,,,
50,124,alihe,cn,68.6,70,0,3.53,1527725483
30,132,kushima,jp,69.64,88,75,5.82,1527721200
4,38,mega,et,55.91,88,44,3.58,1527725483
-6,146,kainantu,pg,69.23,91,64,2.24,1527725483
-4,18,bulungu,cd,73.73,87,32,2.68,1527725483
50,-58,deer lake,ca,44.6,60,20,5.82,1527721200
4,10,edea,cm,78.8,94,75,3.36,1527721200
-4,104,baturaja,id,74.9,97,12,4.09,1527725484
-16,-70,puno,pe,51.8,57,0,5.82,1527721200
48,102,bulgan,mn,65.18,64,44,3.58,1527725484
6,122,tabialan,ph,,,,,
16,-76,morant bay,jm,86,70,20,20.8,1527721200
58,-54,paamiut,gl,35.84,97,64,19.42,1527725485
26,88,kishanganj,in,73.46,85,64,9.28,1527725225
14,-24,praia,cv,69.8,77,0,16.11,1527721200
62,34,shuya,ru,46.82,49,8,11.07,1527725485
-24,164,bourail,nc,75.26,60,0,4.25,1527725485
24,128,itoman,jp,83.57,74,40,13.87,1527724560
48,-12,bantry,ie,57.62,94,76,3.47,1527725486
8,-58,georgetown,gy,75.2,100,75,4.7,1527721200
52,116,shilka,ru,72.29,70,0,3.98,1527725488
12,2,diapaga,bf,82.91,66,0,7.83,1527725488
42,-74,kingston,us,64.4,72,1,4.7,1527724560
-10,88,padang,id,84.08,100,24,2.57,1527725489
50,126,nenjiang,cn,69.5,71,0,4.32,1527725489
60,-56,nuuk,gl,33.8,74,88,34.45,1527724200
46,46,komsomolskiy,ru,17.66,86,0,12.59,1527725489
60,74,surgut,ru,42.8,56,0,8.95,1527723000
-4,22,mweka,cd,73.64,90,12,2.24,1527725490
10,116,panalingaan,ph,80.48,100,88,2.68,1527725490
66,-152,college,us,61.39,31,75,4.7,1527724680
42,-70,brewster,us,61.03,72,1,6.93,1527723300
10,-54,marienburg,sr,77,88,40,6.93,1527721200
-4,14,madingou,cg,72.11,96,0,2.19,1527725491
30,48,abadan,ir,94.3,26,0,1.23,1527721200
54,-48,nanortalik,gl,33.32,99,88,8.28,1527725491
48,12,grafing,de,64.4,88,0,3.36,1527724200
-4,-42,batalha,br,71.57,95,88,8.72,1527725491
-28,-48,florianopolis,br,68,88,20,3.36,1527721200
44,-118,baker city,us,64.24,39,1,14.99,1527724560
-14,50,sambava,mg,77.51,100,24,15.1,1527725492
-10,-64,ariquemes,br,82.73,69,100,1.74,1527725492
-34,20,robertson,za,33.23,95,20,1.97,1527724995
-28,-70,copiapo,cl,57.2,87,75,13.87,1527721200
80,94,khatanga,ru,39.8,98,88,9.13,1527725492
50,86,ust-koksa,ru,35.66,72,88,4.36,1527725493
2,-24,bubaque,gw,78.8,78,0,5.82,1527721200
-28,-102,pisco,pe,64.4,88,20,4.7,1527721200
-2,16,gamboma,cg,74.36,86,48,5.21,1527725493
68,22,kautokeino,no,31.88,83,0,2.46,1527725493
40,32,gerede,tr,48.35,94,88,2.98,1527725493
-4,-4,axim,gh,76.34,100,92,2.53,1527725493
46,144,novikovo,ru,61.13,47,0,7.9,1527725493
-8,154,buin,pg,,,,,
46,-122,washougal,us,66.79,37,1,5.82,1527724380
-28,-90,coquimbo,cl,57.2,87,0,3.36,1527721200
50,6,clervaux,lu,62.6,88,90,6.93,1527724560
8,-2,wenchi,gh,75.35,87,24,8.9,1527725494
42,116,zhangjiakou,cn,65.54,60,0,4.09,1527725494
10,80,valvedditturai,lk,84.26,98,0,20.8,1527725494
46,42,gorodovikovsk,ru,52.58,80,0,2.68,1527725496
28,52,khormuj,ir,,,,,
60,78,strezhevoy,ru,41,65,0,8.95,1527723000
30,50,hendijan,ir,,,,,
54,4,den helder,nl,60.67,93,8,6.93,1527724500
-10,-62,jaru,br,74.27,93,24,3.69,1527725496
44,68,kentau,kz,31.61,73,0,2.19,1527725496
62,56,troitsko-pechorsk,ru,33.95,96,92,12.75,1527725497
48,-72,desbiens,ca,78.8,21,40,9.17,1527721200
18,86,gopalpur,in,76.43,94,20,9.57,1527725497
38,70,leningradskiy,tj,,,,,
52,96,toora-khem,ru,54.11,78,0,2.24,1527725497
0,-66,santa isabel do rio negro,br,74.81,98,32,3.76,1527725497
-6,34,mgandu,tz,59.51,67,0,9.06,1527725498
54,-8,boyle,ie,62.3,66,64,7.11,1527725309
14,108,play cu,vn,,,,,
38,-14,colares,pt,61.72,87,75,3.36,1527724800
34,-10,azimur,ma,,,,,
58,114,mamakan,ru,59.51,75,80,2.75,1527725498
20,116,jieshi,cn,84.44,89,20,4.09,1527725498
34,140,tateyama,jp,62.6,88,75,3.36,1527721200
34,24,palaiokhora,gr,,,,,
36,132,oda,jp,69.8,88,75,14.99,1527721200
38,-76,lexington park,us,72.82,88,90,6.93,1527724500
6,126,lamidan,ph,,,,,
-30,26,bloemfontein,za,37.4,93,76,2.24,1527721200
40,110,dongsheng,cn,64.28,99,100,11.63,1527725499
8,32,malakal,sd,,,,,
8,40,robe,et,51.32,90,64,2.98,1527725500
-52,128,port lincoln,au,56.27,100,0,9.84,1527725500
24,110,luorong,cn,77.06,94,76,2.98,1527725501
26,-102,parras,mx,,,,,
68,46,mezen,ru,32.51,68,56,9.28,1527725501
-36,174,dargaville,nz,58.16,83,48,6.22,1527725501
36,86,korla,cn,58.43,50,36,2.08,1527725483
-4,-6,tabou,ci,81.11,100,80,8.9,1527725502
12,100,kui buri,th,77,94,20,2.01,1527721200
10,114,taburi,ph,,,,,
-24,-68,calama,cl,57.2,11,0,9.17,1527721200
54,78,karasuk,ru,43.67,72,0,10.58,1527725502
40,8,cabras,it,61.04,93,36,2.75,1527725502
26,-10,tiznit,ma,61.4,92,0,5.32,1527725503
-12,-42,ibipeba,br,67.7,76,0,10.92,1527725430
-14,28,mpongwe,zm,56.9,61,0,7.56,1527725503
-24,-44,mangaratiba,br,64.94,93,0,1.12,1527721200
-32,28,butterworth,za,47.18,52,36,2.8,1527725503
56,110,kichera,ru,48.71,95,92,0.74,1527725503
56,24,linkuva,lt,55.4,76,0,5.82,1527724200
42,126,erdaojiang,cn,62.39,86,0,3.24,1527725504
-6,-38,umarizal,br,79.76,47,0,10.02,1527725504
-12,38,masuguru,tz,67.88,77,0,5.77,1527725504
4,30,yei,sd,,,,,
32,68,sharan,af,40.34,29,0,2.68,1527725504
16,122,dumabato,ph,79.49,86,88,2.53,1527725505
-24,152,gladstone,au,61.4,69,0,12.53,1527725465
-10,-58,alta floresta,br,72.74,93,44,1.01,1527725505
16,-92,la trinitaria,mx,72.38,79,64,2.53,1527724998
28,118,shangrao,cn,70.58,99,92,2.98,1527725505
-18,46,fenoarivo,mg,53.6,93,20,2.24,1527723000
50,-82,kapuskasing,ca,86,33,75,19.46,1527721200
-38,170,karamea,nz,,,,,
-20,32,chipinge,zw,54.11,90,0,2.68,1527725507
-10,66,hithadhoo,mv,83.63,100,80,13.94,1527725507
-6,-62,manicore,br,75.53,93,44,3.8,1527725507
54,-122,prince george,ca,53.6,54,90,13.87,1527721800
54,48,bolshiye klyuchishchi,ru,,,,,
-16,-54,guiratinga,br,78.23,56,88,5.1,1527725507
26,-14,aguimes,es,66.2,77,75,24.16,1527724800
52,-122,williams lake,ca,55.4,32,75,10.29,1527724800
-32,-58,paysandu,uy,59.06,99,92,14.09,1527725508
30,-88,fairhope,us,82.13,78,40,6.93,1527723300
14,-82,puerto cabezas,ni,81.83,100,88,13.04,1527725508
-12,-52,sao miguel do araguaia,br,70.31,84,0,2.98,1527725508
-14,112,gondanglegi,id,70.58,78,8,2.57,1527725508
34,82,joshimath,in,20.99,90,12,1.3,1527725509
38,16,melito di porto salvo,it,71.6,88,0,4.7,1527720900
-6,-46,grajau,br,,,,,
14,-78,bull savanna,jm,80.39,66,8,8.05,1527725509
56,124,zolotinka,ru,,,,,
54,88,mezhdurechensk,ru,54.29,59,92,4.88,1527725509
-24,32,phalaborwa,za,65.36,86,92,2.68,1527725509
4,86,wattegama,lk,73.1,98,100,7.49,1527725510
24,-100,doctor arroyo,mx,75.71,54,32,3.31,1527725510
68,-180,mys shmidta,ru,,,,,
42,52,kuryk,kz,59.96,53,32,10.74,1527725510
-24,4,henties bay,na,57.08,100,92,9.06,1527725510
40,36,zile,tr,57.2,82,75,4.7,1527724200
-8,-74,pucallpa,pe,82.4,78,40,1.12,1527721200
32,-80,charleston,us,75.2,94,75,5.59,1527724440
26,128,nishihara,jp,68.92,72,20,5.7,1527724560
60,-8,vagur,fo,49.61,96,64,6.04,1527725511
26,-18,adeje,es,62.49,72,40,12.75,1527724800
42,-10,vila praia de ancora,pt,57.51,93,75,4.7,1527724800
32,-92,monroe,us,76.23,94,75,6.93,1527724380
48,46,chernyy yar,ru,33.8,64,75,11.18,1527723000
56,-62,saint-augustin,ca,81.32,57,75,3.36,1527721200
-38,146,warragul,au,52.31,76,88,4.21,1527725267
-16,-38,belmonte,br,63.74,87,12,2.68,1527725512
58,76,sedelnikovo,ru,,,,,
36,-110,winslow,us,91.4,9,1,11.41,1527720960
42,48,khuchni,ru,47.36,88,0,3.09,1527725513
50,16,holice,cz,59.95,72,0,5.82,1527724800
64,-152,anchorage,us,53.85,54,90,3.36,1527723000
22,36,sawakin,sd,81.29,76,36,3.24,1527725513
16,102,chaiyaphum,th,78.41,90,56,4.03,1527725514
18,104,seka,th,80.66,88,32,5.37,1527725514
0,-46,viseu,br,73.55,100,92,4.54,1527725514
0,176,tabukiniberu,ki,,,,,
-14,128,port keats,au,75.71,66,0,13.6,1527725514
-34,-52,santa vitoria do palmar,br,63.29,100,100,1.79,1527725322
58,0,peterhead,gb,55.4,93,90,6.93,1527724200
44,42,dzheguta,ru,46.1,84,36,2.46,1527725515
60,60,volchansk,ru,49.61,99,92,1.45,1527725515
-8,-40,ouricuri,br,73.82,63,0,13.65,1527725384
2,-12,buchanan,lr,77,94,40,5.59,1527723000
42,32,zonguldak,tr,60.05,98,92,0.45,1527725515
64,132,borogontsy,ru,55.19,43,0,5.82,1527725515
52,86,gorno-altaysk,ru,55.1,58,92,8.9,1527725515
46,118,hailar,cn,70.04,62,0,9.13,1527725516
-8,-36,toritama,br,70.04,85,20,4.47,1527725516
-2,-68,tonantins,br,78.23,88,24,4.47,1527725516
62,32,suoyarvi,ru,47.81,49,12,7.49,1527725516
36,114,hebi,cn,73.64,48,0,4.36,1527725516
52,-110,macklin,ca,62.93,71,48,7.56,1527725517
22,44,riyadh,sa,86,32,0,2.24,1527721200
26,34,safaga,eg,,,,,
2,-78,magui,co,,,,,
32,106,baoning,cn,77,100,90,4.47,1527721200
-32,160,sawtell,au,62.6,33,0,11.41,1527723000
-34,-54,rocha,uy,56.36,99,80,10.85,1527725517
38,4,tigzirt,dz,59.51,87,56,1.86,1527725517
0,34,port victoria,ke,,,,,
48,144,makarov,ru,45.56,100,92,2.57,1527725518
66,32,zelenoborskiy,ru,38.63,58,0,6.89,1527725519
-32,10,oranjemund,na,59.24,100,80,2.75,1527725519
58,142,okhotsk,ru,52.58,51,0,8.05,1527725519
34,130,maebaru,jp,72.1,78,75,8.05,1527723000
2,-4,jacqueville,ci,78.8,94,40,3.36,1527723000
22,98,lashio,mm,69.14,98,92,2.3,1527725520
30,82,jumla,np,31.7,79,0,2.24,1527725520
40,56,gazanjyk,tm,58.34,74,0,3.2,1527725520
-28,26,hoopstad,za,49.61,92,64,15.1,1527724958
34,-120,isla vista,us,63.43,68,90,10.29,1527723300
8,122,siocon,ph,84.44,100,32,6.33,1527724956
52,20,lowicz,pl,60.85,93,0,1.12,1527724800
26,92,nongpoh,in,77,94,75,2.01,1527723000
16,-12,maghama,mr,,,,,
26,-84,south venice,us,79.93,83,90,5.82,1527723300
-14,46,bandrele,yt,75.2,94,0,5.82,1527723000
4,22,kembe,cf,71.57,97,92,3.09,1527725522
34,108,yuxia,cn,66.2,63,20,8.95,1527721200
54,-4,whitehaven,gb,58.34,91,88,3.47,1527724997
42,78,kyzyl-suu,kg,43.31,100,0,5.26,1527725523
-20,-64,monteagudo,bo,73.4,73,68,4.7,1527721200
-6,110,mlonggo,id,77.51,100,92,4.76,1527725523
-20,166,fayaoue,nc,75.71,100,12,9.35,1527724993
-80,-16,cape town,za,55.4,93,75,11.41,1527721200
68,112,udachnyy,ru,40.61,74,44,8.9,1527725524
28,120,lishui,cn,70.4,98,92,2.53,1527725524
-4,-50,tucurui,br,80.93,73,24,2.86,1527725524
34,12,jarjis,tn,,,,,
48,34,sofiyivka,ua,57.2,47,0,2.8,1527723000
-6,-60,novo aripuana,br,78.5,85,12,4.36,1527724980
16,84,yarada,in,86.33,100,92,7.27,1527725525
6,-98,pochutla,mx,85.32,100,90,11.41,1527720300
64,-20,hvolsvollur,is,,,,,
0,30,kilembe,ug,61.94,100,0,4.09,1527725525
-40,-64,viedma,ar,39.62,88,0,7,1527725525
10,54,bargal,so,,,,,
44,-110,jackson,us,86.74,62,1,6.93,1527724560
32,122,huilong,cn,65.27,93,36,4.09,1527725526
2,6,abonnema,ng,70.85,96,12,2.86,1527725526
42,106,haibowan,cn,,,,,
-8,102,pringsewu,id,73.64,94,0,1.45,1527725526
66,22,boden,se,46.4,46,0,2.24,1527724200
-26,-54,santo antonio do sudoeste,br,67.43,68,8,5.26,1527725527
50,38,urazovo,ru,62.21,60,0,9.13,1527725527
64,52,sindor,ru,32.6,71,92,17.56,1527725527
44,2,gaillac,fr,59,93,92,8.05,1527724800
10,30,talawdi,sd,,,,,
-38,-70,neuquen,ar,42.8,75,20,7.78,1527721200
-44,-58,necochea,ar,50.24,94,80,8.12,1527725293
-22,-48,ibate,br,62.84,55,68,4.03,1527725528
6,114,labuan,my,79.59,88,75,5.82,1527724800
-28,156,byron bay,au,64.4,36,0,10.29,1527724800
36,134,tottori,jp,64.22,88,75,8.05,1527723840
-38,148,lakes entrance,au,53.48,93,68,16.67,1527724954
60,44,nyuksenitsa,ru,36.38,53,0,19.64,1527725528
8,34,gambela,et,62.3,92,44,2.98,1527725529
42,40,trabzon,tr,69.8,68,75,5.82,1527724200
16,98,mudon,mm,76.79,99,64,3.53,1527725529
30,106,heyang,cn,62.21,100,92,2.86,1527725529
6,8,afikpo,ng,73.73,97,68,3.02,1527724938
16,76,hungund,in,74.81,89,12,10.4,1527725529
8,12,tignere,cm,65.45,94,24,2.01,1527725529
18,120,sinait,ph,87.8,70,40,2.24,1527724800
46,-110,livingston,us,90.07,55,1,8.05,1527724500
-20,-46,bambui,br,56.9,69,36,4.25,1527725530
60,56,kerchevskiy,ru,37.91,91,88,16.78,1527725530
-14,40,nacala,mz,75.53,100,0,11.63,1527725531
56,32,zapadnaya dvina,ru,56.18,47,0,10.13,1527724979
46,142,shebunino,ru,48.62,53,44,12.82,1527725531
68,128,batagay-alyta,ru,41.51,67,68,1.68,1527725531
20,104,xam nua,la,70.13,88,0,2.46,1527725531
-36,-66,santa rosa,ar,44.6,70,0,1.12,1527721920
40,-74,point pleasant,us,61.03,93,90,5.82,1527724560
0,-38,itarema,br,79.58,76,64,9.57,1527725532
88,-170,barrow,us,86.88,48,1,16.11,1527723300
54,142,okha,ru,50.6,67,12,19.42,1527725532
-24,16,rehoboth,na,45.02,60,0,9.06,1527725532
56,104,shestakovo,ru,63.11,52,0,3.47,1527725532
24,58,ruwi,om,95,20,0,5.82,1527720600
2,36,amudat,ug,57.08,90,12,2.57,1527725533
28,40,sakakah,sa,,,,,
54,146,ekhabi,ru,50.6,67,12,19.42,1527725533
-90,120,new norfolk,au,50,53,20,12.75,1527723000
46,-10,ferrol,es,55.22,87,90,5.82,1527724800
42,42,naruja,ge,62.46,94,75,4.7,1527723000
-18,40,angoche,mz,76.34,100,0,14.05,1527725534
10,42,dire dawa,et,61.58,79,76,2.75,1527725534
34,18,benghazi,ly,78.8,39,0,23.04,1527721200
-16,-40,itarantim,br,64.82,92,12,5.26,1527725534
22,88,haldia,in,83.9,92,36,9.13,1527725534
60,-168,nome,us,86.92,62,1,9.17,1527724500
28,110,jishou,cn,61.94,100,92,6.49,1527724935
38,-84,winchester,us,66.2,32,1,8.05,1527724380
62,12,roros,no,46.4,81,0,4.7,1527724200
44,-54,marystown,ca,40.25,90,0,32.5,1527725535
54,106,kachug,ru,63.38,56,0,3.69,1527725535
48,2,saint-jean-de-braye,fr,59,93,90,2.24,1527724800
-16,30,luangwa,zm,53.66,70,0,3.58,1527725535
-16,50,mananara,mg,,,,,
26,56,sharjah,ae,82.11,40,0,4.7,1527721200
60,34,boksitogorsk,ru,50.15,37,0,10.85,1527725535
38,140,nagai,jp,68,77,75,4.7,1527721200
-30,146,dubbo,au,50,76,90,11.41,1527724800
60,-154,homer,us,48.16,57,90,8.05,1527724920
64,36,solovetskiy,ru,,,,,
28,102,xichang,cn,51.86,100,92,1.86,1527725536
54,72,poltavka,ru,40.25,67,56,9.35,1527725537
24,68,jati,pk,77.51,89,0,7.78,1527725537
-6,0,port-gentil,ga,78.8,88,40,6.93,1527721200
42,-78,olean,us,74.32,64,90,10.29,1527724560
16,-102,petatlan,mx,89.6,66,40,9.17,1527720360
26,-76,dunmore town,bs,79.76,97,32,13.82,1527724988
2,42,dujuma,so,,,,,
62,40,shalakusha,ru,38.63,53,48,13.53,1527725538
-12,-68,cobija,bo,82.4,78,24,1.52,1527721200
14,-74,riohacha,co,84.2,79,20,11.41,1527721200
38,-2,cehegin,es,53.48,80,12,0.74,1527725538
44,-112,rexburg,us,54.84,82,90,8.05,1527722160
18,-92,jonuta,mx,93.53,46,8,8.39,1527725538
-46,172,waitati,nz,34.67,86,0,3.98,1527725538
10,34,asosa,et,61.4,94,48,3.58,1527725539
-14,136,alyangula,au,81.83,81,0,22.59,1527725539
-30,154,coffs harbour,au,62.6,33,0,11.41,1527723000
48,42,tsimlyansk,ru,50.78,63,0,2.86,1527725539
2,174,rawannawi,ki,,,,,
50,24,zhovkva,ua,55.4,87,0,2.24,1527723000
30,68,harnai,pk,66.8,17,0,4.36,1527725539
46,80,sarkand,kz,47.27,43,0,16.06,1527725540
10,106,can tho,vn,77.69,100,24,4.25,1527725540
28,-16,galdar,es,66.2,77,75,24.16,1527724800
44,118,chifeng,cn,69.77,52,0,3.8,1527724967
14,36,doka,sd,70.22,94,68,3.47,1527724966
40,-92,quincy,us,78.76,88,1,4.7,1527723300
-16,28,mazabuka,zm,55.55,74,0,4.7,1527725541
20,-96,emilio carranza,mx,84.71,74,20,4.09,1527725542
20,-66,san juan,us,91.8,49,1,18.34,1527724500
60,136,eldikan,ru,,,,,
20,-84,santa fe,cu,82.4,74,75,5.82,1527720900
-44,172,rakaia,nz,46.4,75,0,3.36,1527724800
38,114,luancheng,cn,71.6,46,0,8.95,1527721200
38,34,aksaray,tr,57.2,87,75,4.7,1527724200
34,116,bozhou,cn,76.07,76,56,4.7,1527725543
50,78,semey,kz,44.57,100,92,16.28,1527725543
34,-102,plainview,us,100.63,7,1,17.22,1527724500
8,82,batticaloa,lk,83,99,12,8.57,1527725544
-6,-36,sao tome,br,,,,,
-14,-174,falealupo,ws,,,,,
72,-62,upernavik,gl,32.24,92,68,7.11,1527725544
48,-96,grand forks,us,71.53,78,75,3.36,1527724500
66,34,umba,ru,40.43,82,0,13.38,1527725544
50,-78,matagami,ca,86,28,1,9.17,1527721200
2,102,sungai udang,my,79.45,88,75,2.24,1527724800
18,-100,apaxtla,mx,,,,,
42,-104,torrington,us,80.6,32,1,4.7,1527724380
38,-102,lamar,us,84.2,23,1,14.16,1527720780
-38,-72,mulchen,cl,38.63,100,92,5.26,1527725545
26,122,keelung,tw,87.8,74,75,1.12,1527723000
48,-80,kirkland lake,ca,80.6,44,1,10.29,1527721200
-90,-180,vaini,to,75.2,69,20,11.41,1527724800
62,54,ust-kulom,ru,33.95,84,92,14.05,1527725546
12,34,galgani,sd,,,,,
44,140,yoichi,jp,58.07,97,92,2.8,1527724968
34,-116,twentynine palms,us,96.39,12,1,20.8,1527720960
-4,140,vanimo,pg,81.38,100,44,5.48,1527725546
50,54,chingirlau,kz,63.74,29,80,19.13,1527725546
18,70,diu,in,82.28,81,92,7.83,1527725547
24,86,hesla,in,74,92,8,3.36,1527725547
16,32,umm durman,sd,,,,,
16,-2,tombouctou,ml,86.15,32,0,9.06,1527725547
60,28,narva-joesuu,ee,59.87,57,0,10.02,1527725547
-26,-70,diego de almagro,cl,53.03,90,12,1.74,1527725547
-6,170,lolua,tv,,,,,
46,120,wulanhaote,cn,,,,,
28,104,zhaotong,cn,53.93,100,92,3.2,1527725548
54,124,skovorodino,ru,72.38,42,0,3.36,1527725548
30,-78,merritt island,us,76.78,94,40,6.93,1527720960
-8,32,sumbawanga,tz,65,84,0,4.36,1527725548
52,102,kyren,ru,51.86,77,0,2.35,1527725548
6,36,bako,et,59.96,91,24,1.57,1527725549
-22,28,tobane,bw,65.36,59,56,11.03,1527724969
22,110,yashan,cn,66.44,100,100,10.51,1527725549
36,-116,pahrump,us,94.91,9,1,19.46,1527724380
42,-116,mountain home,us,77.41,41,75,11.41,1527721080
-18,-178,neiafu,to,78.8,74,40,6.93,1527724800
66,44,kamenka,ru,52.85,56,32,12.15,1527725550
38,62,murgab,tm,66.2,42,40,6.93,1527721200
30,12,mizdah,ly,74.09,40,8,7.11,1527725550
-4,-74,nauta,pe,80.12,85,12,2.8,1527725550
10,20,am timan,td,78.23,74,0,10.07,1527725550
-8,-62,humaita,br,,,,,
42,54,zhanaozen,kz,59.33,25,44,8.84,1527725551
4,44,xuddur,so,77.15,71,8,13.15,1527725551
58,100,kodinsk,ru,59.42,61,0,5.03,1527725552
38,32,beysehir,tr,53.03,100,80,2.46,1527725552
-14,26,kasempa,zm,54.11,72,0,3.53,1527724987
34,132,hikari,jp,69.03,88,75,3.36,1527722940
50,130,novobureyskiy,ru,69.41,41,0,3.76,1527725553
52,136,berezovyy,ru,58.34,50,0,3.36,1527725553
32,72,mitha tiwana,pk,72.38,39,0,2.19,1527725553
-90,-126,punta arenas,cl,41,75,40,16.11,1527721200
30,100,yaan,cn,,,,,
-22,-54,rio brilhante,br,74.09,55,0,11.07,1527725553
24,66,karachi,pk,86,30,0,6.93,1527722700
-32,-62,san francisco,ar,56.09,89,88,12.93,1527725554
-20,118,port hedland,au,77,31,0,11.41,1527724800
42,20,fushe-arrez,al,59.24,88,0,3.58,1527725554
28,50,bushehr,ir,76.16,86,0,1.57,1527725554
48,110,ondorhaan,mn,,,,,
-18,-150,haapiti,pf,82.4,74,75,5.82,1527724800
30,38,bayir,jo,,,,,
-10,-36,coruripe,br,76.43,100,92,15.84,1527725555
12,-130,constitucion,mx,95,6,5,5.82,1527720300
10,0,yendi,gh,81.11,74,8,6.6,1527725555
60,8,amot,no,54.83,71,0,2.75,1527725555
24,28,tahta,eg,80.6,36,0,9.17,1527721200
-10,-60,aripuana,br,80.3,80,32,2.68,1527725556
46,-68,houlton,us,74.48,27,1,4.7,1527720960
54,-124,vanderhoof,ca,51.68,45,48,2.35,1527725556
-32,-54,melo,uy,63.38,98,100,5.03,1527725556
36,142,hasaki,jp,68.68,77,75,8.05,1527723000
6,40,goba,et,51.32,90,64,2.98,1527725556
-8,-38,flores,br,71.48,71,0,9.84,1527725557
-12,48,ambilobe,mg,67.25,80,8,5.99,1527725557
-30,-44,imbituba,br,68,88,20,3.36,1527721200
66,54,shchelyayur,ru,,,,,
46,40,novoleushkovskaya,ru,52.49,72,0,2.8,1527725557
66,64,muzhi,ru,31.34,82,80,19.08,1527725557
34,-76,havelock,us,77.67,100,1,5.82,1527724440
-10,124,soe,id,71.93,69,8,2.3,1527725558
48,50,inderborskiy,kz,,,,,
68,54,iskateley,ru,22.61,83,0,12.37,1527725558
46,-126,astoria,us,57.2,62,1,20.8,1527724500
-10,16,malanje,ao,58.97,85,0,2.3,1527725558
60,12,skotterud,no,62.48,45,0,3.69,1527725558
36,40,viransehir,tr,60.14,88,0,2.98,1527725558
-32,-72,la ligua,cl,53.6,76,75,11.41,1527721200
34,-98,wichita falls,us,97.52,39,1,18.34,1527724500
18,106,ha tinh,vn,84.17,96,8,9.91,1527725559
-12,-76,chicla,pe,33.41,87,0,1.3,1527725559
8,88,port blair,in,82.73,100,64,16.78,1527725559
62,76,novoagansk,ru,34.58,69,24,3.87,1527725559
8,-92,acajutla,sv,81.38,73,80,3.58,1527725560
68,-50,qasigiannguit,gl,42.8,70,80,11.41,1527724200
-18,20,rundu,na,64.73,48,24,4.03,1527725560
-16,-150,fare,pf,80.21,100,80,13.65,1527725560
-16,168,lakatoro,vu,80.66,81,36,8.39,1527725560
28,112,loudi,cn,64.01,100,100,7.61,1527725560
44,64,dzhusaly,kz,,,,,
-26,-78,taltal,cl,50.33,97,0,2.24,1527725562
36,126,seoul,kr,62.87,63,0,6.93,1527723000
-10,24,kamina,cd,65.36,68,0,4.09,1527725562
32,50,masjed-e soleyman,ir,,,,,
6,-68,puerto ayacucho,ve,84.2,70,40,2.08,1527721200
40,38,susehri,tr,50.15,97,92,2.08,1527725562
4,-86,burica,pa,,,,,
10,-62,point fortin,tt,80.6,74,20,4.7,1527721200
42,-8,real,pt,48.17,98,48,2.46,1527725563
42,30,agva,tr,,,,,
48,58,emba,kz,,,,,
20,94,minbu,mm,75.44,99,88,10.51,1527725563
52,30,lyubech,ua,66.98,60,76,4.99,1527725563
-2,14,lekoni,ga,72.38,95,64,3.02,1527724970
40,-104,fort morgan,us,75.92,29,1,12.75,1527723300
40,18,gallipoli,it,69.22,94,0,5.82,1527724200
14,-84,rosita,ni,77.6,92,92,2.53,1527724991
-32,-80,constitucion,cl,50.78,100,0,15.1,1527725564
50,-68,baie-comeau,ca,61.95,54,1,4.7,1527721200
-24,50,farafangana,mg,73.64,100,56,5.82,1527725565
32,-112,sonoita,mx,,,,,
40,-112,payson,us,78.6,28,75,13.87,1527724560
12,-58,oistins,bb,80.6,74,20,18.34,1527721200
34,72,nowshera,pk,80.6,42,5,4.7,1527723000
30,10,nalut,ly,74.99,48,32,8.61,1527725565
50,84,zyryanovsk,kz,45.56,70,80,5.1,1527725566
16,8,agadez,ne,77.78,22,0,5.26,1527725566
-20,-76,camana,pe,,,,,
10,-92,san jose,gt,86.33,83,36,4.88,1527725566
-20,-52,tres lagoas,br,,,,,
-6,156,kieta,pg,82.64,97,36,3.87,1527725566
8,68,dhidhdhoo,mv,81.11,100,48,15.39,1527725567
28,72,phalodi,in,82.73,51,0,7.83,1527725567
52,-2,cheltenham,gb,59,100,75,3.36,1527724560
30,-114,san felipe,mx,74.9,100,0,9.24,1527725567
58,30,dno,ru,58.43,42,0,9.06,1527725567
40,-2,cuenca,es,45.11,87,24,2.68,1527725375
4,16,berberati,cf,68.51,94,8,2.68,1527725568
-18,22,shakawe,bw,63.11,54,0,3.36,1527725568
40,72,stantsiya gorchakovo,uz,,,,,
22,-22,nouadhibou,mr,68,72,0,20.8,1527721200
-2,136,biak,id,73.64,100,88,3.53,1527725569
42,-76,endicott,us,74.5,73,20,11.41,1527724560
36,-104,tucumcari,us,95,13,1,12.75,1527724380
-2,-50,oeiras do para,br,76.7,96,44,6.71,1527725570
42,72,talas,kg,28.28,54,0,3.09,1527725276
-2,42,bur gabo,so,,,,,
24,-86,mantua,cu,78.86,89,88,8.39,1527725570
0,116,loa janan,id,77.6,94,92,2.75,1527725570
6,98,lhokseumawe,id,82.46,100,68,4.32,1527725571
-16,56,cap malheureux,mu,68,88,75,6.93,1527721200
-44,170,fairlie,nz,,,,,
48,-84,chapleau,ca,82.4,37,75,6.93,1527721200
22,118,haimen,cn,67.16,96,100,9.8,1527725571
-30,-48,laguna,br,,,,,
-16,164,luganville,vu,79.94,100,56,12.3,1527725571
-90,74,busselton,au,63.38,100,76,26.84,1527725572
44,148,kurilsk,ru,53.03,87,92,12.64,1527725572
-8,150,kandrian,pg,81.11,81,80,10.02,1527725572
56,-16,westport,ie,62.57,66,48,10.13,1527725572
50,66,derzhavinsk,kz,48.62,60,32,18.12,1527725572
-10,122,ende,id,79.76,100,0,4.81,1527725572
42,-112,preston,us,69.8,52,1,17.22,1527724260
50,18,stepankovice,cz,59,87,0,1.12,1527724800
-14,38,montepuez,mz,62.21,92,0,8.05,1527725573
26,54,bandar-e lengeh,ir,84.26,98,0,13.09,1527725573
52,44,rtishchevo,ru,49.61,75,0,5.1,1527725573
38,-12,cascais,pt,61.84,87,40,3.36,1527723000
30,-14,teguise,es,64.4,82,20,16.11,1527723000
68,-54,kangaatsiaq,gl,32.51,92,92,6.04,1527724985
14,30,bara,sd,,,,,
10,82,mullaitivu,lk,,,,,
52,70,makinsk,kz,40.07,82,76,15.05,1527725574
34,-112,paradise valley,us,71.6,78,75,5.82,1527724500
52,-8,youghal,ie,55.4,93,75,8.05,1527723000
-42,-72,puerto montt,cl,41,93,20,4.7,1527721200
72,30,batsfjord,no,39.44,100,92,7.38,1527725574
62,-2,brae,gb,56.98,72,92,10.29,1527724200
86,42,belushya guba,ru,,,,,
40,130,khasan,ru,64.46,66,0,6.49,1527725575
2,144,lorengau,pg,82.19,100,56,7,1527725575
-16,-62,san javier,bo,78.86,64,8,5.26,1527725575
22,64,ormara,pk,88.49,49,0,10.07,1527725576
-16,-44,sao joao da ponte,br,64.91,59,36,7.56,1527725576
-48,172,dunedin,nz,34.67,86,0,3.98,1527725576
-20,168,we,nc,75.8,78,92,7.23,1527725577
52,2,lowestoft,gb,57.2,93,48,6.93,1527720600
18,-102,la union,mx,95,20,75,9.17,1527720000
66,70,yar-sale,ru,29.9,100,88,12.59,1527725577
62,44,mirnyy,ru,53.84,52,92,8.79,1527725577
34,106,beidao,cn,55.73,74,36,4.21,1527725577
62,152,orotukan,ru,38.36,100,92,8.28,1527725578
-28,40,ampanihy,mg,55.28,92,0,6.38,1527725579
8,46,odweyne,so,,,,,
32,-78,georgetown,us,76.96,94,75,8.05,1527724560
-30,32,ballitoville,za,58.07,84,0,8.61,1527725580
46,-8,cervo,es,59.69,99,56,13.53,1527725580
60,106,yerbogachen,ru,57.8,70,0,3.8,1527725580
-16,-48,brasilia,br,80.6,69,40,10.29,1527721200
-18,-60,san pedro,bo,35.21,88,0,3.36,1527725580
-30,-52,butia,br,60.8,67,0,2.24,1527721200
-4,152,rabaul,pg,81.74,100,48,9.62,1527725581
-20,60,grand river south east,mu,,,,,
64,78,tarko-sale,ru,28.01,85,0,3.09,1527725581
16,104,selaphum,th,77,88,75,2.24,1527721200
-16,32,mount darwin,zw,61.58,62,0,5.88,1527725582
42,64,gazli,uz,56.9,24,0,13.09,1527725582
-26,34,xai-xai,mz,67.61,100,0,4.25,1527725582
54,-100,the pas,ca,68,34,20,5.82,1527724800
70,32,pechenga,ru,41.78,57,12,17.11,1527725582
66,78,urengoy,ru,32.06,100,68,5.21,1527725582
-14,150,samarai,pg,78.5,100,92,21.43,1527725583
30,136,shingu,jp,68,88,75,3.36,1527721200
0,38,maua,ke,61.13,81,44,3.87,1527725583
40,-66,shelburne,ca,81.68,51,1,16.11,1527721200
64,64,igrim,ru,40.34,98,92,13.27,1527725583
84,-96,qaanaaq,gl,30.53,100,92,3.58,1527725584
48,-110,havre,us,73.4,35,40,10.29,1527720780
40,142,miyako,jp,71.58,78,75,8.05,1527723000
-22,-46,pouso alegre,br,49.7,71,32,2.35,1527725584
50,72,shakhtinsk,kz,37.4,93,0,6.71,1527723000
34,50,arak,ir,56.63,74,80,2.86,1527725584
48,-120,east wenatchee bench,us,70.43,12,1,5.82,1527724500
36,-2,almeria,es,62.6,82,0,5.82,1527724800
30,-90,chalmette,us,88.14,66,20,8.05,1527724320
-28,-56,posadas,ar,73.4,60,12,3.36,1527721200
30,-104,ojinaga,mx,101,7,8,4.09,1527725586
52,-6,wexford,ie,,,,,
72,34,skalistyy,ru,,,,,
44,-88,manitowoc,us,70.57,82,40,5.82,1527724560
38,-80,hollins,us,75.56,88,90,8.05,1527724500
52,-124,quesnel,ca,59,30,1,3.36,1527724800
-12,164,lata,sb,,,,,
60,-150,sterling,us,73.96,88,90,9.17,1527724620
-18,-156,vaitape,pf,80.84,100,36,8.61,1527725587
-14,-64,san ramon,bo,79.04,72,12,5.55,1527725587
-26,124,yulara,au,51.8,40,48,14.99,1527724800
60,40,kharovsk,ru,41.24,51,24,18.01,1527725587
8,36,gore,et,59.15,97,36,2.75,1527725587
36,-12,aljezur,pt,59.51,100,32,11.81,1527725588
70,28,mehamn,no,38.18,98,88,10.58,1527725588
36,-76,elizabeth city,us,76.84,88,90,4.7,1527724740
60,138,solnechnyy,ru,60.86,52,12,3.58,1527725588
58,16,linkoping,se,49.91,81,0,3.36,1527724200
52,-22,vestmannaeyjar,is,44.21,98,0,9.62,1527725589
-14,-52,mozarlandia,br,69.68,62,0,4.03,1527725589
16,4,tahoua,ne,83.18,53,0,11.03,1527725589
36,104,lanzhou,cn,51.8,53,0,4.47,1527721200
0,164,bairiki,ki,,,,,
60,124,nizhniy kuranakh,ru,59.24,55,12,3.47,1527725589
46,2,gueret,fr,55.4,100,20,3.36,1527724800
52,6,rheden,nl,65.23,88,90,2.24,1527724500
52,-70,chute-aux-outardes,ca,61.72,54,1,4.7,1527721200
52,80,mikhaylovskoye,ru,47.36,93,12,2.46,1527725591
-4,-52,altamira,br,77,100,0,2.08,1527721200
52,66,esil,kz,51.14,60,64,18.41,1527725592
52,-116,banff,ca,44.03,63,56,2.19,1527724801
-26,4,walvis bay,na,50,76,0,2.24,1527721200
18,44,najran,sa,78.8,50,0,2.24,1527721200
30,72,mailsi,pk,76.16,46,0,6.33,1527725448
50,112,kyra,ru,65.36,60,0,3.2,1527725592
32,54,meybod,ir,80.6,43,0,6.93,1527721200
70,-52,ilulissat,gl,42.8,70,80,11.41,1527724200
-26,26,lichtenburg,za,49.43,64,12,13.31,1527725593
30,66,nushki,pk,53.75,42,0,1.86,1527725593
4,42,mandera,ke,84.26,49,56,8.5,1527725593
-32,32,margate,za,64.82,86,0,12.75,1527725593
-46,-64,rawson,ar,40.88,59,48,9.57,1527725593
30,118,tunxi,cn,,,,,
54,162,ust-kamchatsk,ru,,,,,
14,50,bereda,so,,,,,
-90,12,bredasdorp,za,57.2,67,36,5.82,1527721200
-20,28,bulawayo,zw,54.56,68,64,4.54,1527725595
40,126,huanren,cn,63.2,83,0,2.98,1527725595
8,78,udankudi,in,80.48,88,8,14.65,1527725595
66,-140,mayo,ca,60.8,29,90,3.36,1527721200
18,-90,escarcega,mx,80.39,85,20,3.76,1527725596
-36,-72,parral,cl,46.4,93,40,3.36,1527721200
58,36,maksatikha,ru,50.51,81,100,16.28,1527725596
14,96,dawei,mm,76.79,91,36,2.3,1527725596
18,122,awallan,ph,84.71,76,12,3.31,1527725596
56,74,kolosovka,ru,35.3,67,32,5.82,1527725597
-6,2,omboue,ga,78.41,100,88,8.23,1527725598
2,32,masindi,ug,65.36,90,20,2.75,1527725598
-26,36,inhambane,mz,64.73,100,0,5.1,1527725598
-14,116,praya,id,75.2,88,20,1.12,1527724800
12,124,cataingan,ph,84.8,99,0,9.73,1527725598
60,24,lohja,fi,55.4,54,0,9.17,1527724200
-4,174,ijaki,ki,,,,,
50,4,fourmies,fr,66.11,72,0,3.36,1527724200
-8,112,tulungagung,id,70.58,78,8,2.57,1527725600
14,-8,kolokani,ml,79.4,63,32,4.7,1527725600
-24,144,emerald,au,57.44,44,0,13.65,1527725600
52,46,novyye burasy,ru,57.2,67,75,6.71,1527723000
-34,-58,carmelo,uy,57.2,76,40,9.17,1527721200
8,-84,buenos aires,cr,74.36,100,92,1.34,1527725601
46,22,ohaba lunga,ro,,,,,
50,-92,sioux lookout,ca,76.57,57,90,2.86,1527721200
52,-10,killorglin,ie,58.43,98,68,2.8,1527725601
46,-84,thessalon,ca,73.99,53,1,3.36,1527723300
6,76,manavalakurichi,in,80.6,88,20,2.24,1527724800
24,-96,nuevo progreso,mx,92,50,8,8.72,1527725602
12,44,jibuti,dj,,,,,
-4,16,brazzaville,cg,75.2,88,40,2.24,1527721200
-36,-2,luderitz,na,53.57,93,8,8.61,1527725602
32,70,tank,pk,65.36,35,0,2.35,1527725602
-34,138,port pirie,au,55.4,71,0,5.59,1527724800
16,-66,arroyo,us,72.82,83,75,8.05,1527724440
50,-22,dingle,ie,57.26,93,64,3.47,1527725603
0,-48,curuca,br,76.43,95,36,4.03,1527725603
-22,24,tsienyane,bw,,,,,
16,158,butaritari,ki,85.25,99,44,12.41,1527725603
2,126,bitung,id,84.2,74,20,2.24,1527724800
16,68,ratnagiri,in,83.18,100,80,5.48,1527725598
52,54,perevolotskiy,ru,56.36,81,92,17.63,1527725604
50,-120,peachland,ca,66.15,29,1,16.11,1527722940
16,120,paitan,ph,82.4,78,75,6.93,1527724800
8,118,rio tuba,ph,78.14,100,88,3.69,1527725604
24,-78,andros town,bs,82.4,78,75,10.29,1527721200
36,118,nanma,cn,67.34,38,0,3.36,1527725604
54,-106,prince albert,ca,53.6,87,90,18.34,1527721200
-20,136,mount isa,au,66.2,36,0,9.17,1527723000
44,-100,pierre,us,82.4,48,1,10.29,1527724380
-14,-48,cavalcante,br,64.64,65,0,5.88,1527725605
56,20,primore,ru,,,,,
22,72,dhola,in,,,,,
44,-120,redmond,us,64.8,34,20,6.93,1527724680
42,-84,adrian,us,73.38,94,1,8.05,1527724380
46,-118,walla walla,us,64.22,33,1,8.05,1527724380
36,-80,high point,us,79.72,74,1,3.36,1527724440
26,94,bokajan,in,72.38,91,76,2.24,1527725606
54,100,tulun,ru,62.03,50,0,5.37,1527725606
56,70,ishim,ru,43.94,87,92,18.63,1527725606
34,-118,hacienda heights,us,70,72,75,10.29,1527724020
32,34,ashqelon,il,71.6,78,20,5.82,1527724200
-26,-46,peruibe,br,71.66,100,0,12.64,1527725607
4,-60,lethem,gy,74.9,94,80,6.22,1527725607
40,-122,red bluff,us,81.82,36,1,16.11,1527720840
-4,-38,beberibe,br,80.6,78,0,4.7,1527721200
-8,114,bondowoso,id,72.29,87,0,4.25,1527725607
10,84,trincomalee,lk,82.28,76,76,17.45,1527725607
36,70,andarab,af,,,,,
12,118,bacuit,ph,,,,,
-6,-40,taua,br,80.93,73,24,2.86,1527725608
8,114,kota kinabalu,my,82.4,78,75,3.36,1527724800
-12,22,lumeje,ao,64.01,44,48,5.32,1527725608
54,32,khislavichi,ru,56.81,47,12,10.58,1527725608
20,-98,zacatlan,mx,77.06,26,0,3.09,1527725608
-30,30,richmond,za,37.73,81,24,2.08,1527725609
42,60,mangit,uz,57.2,47,20,6.93,1527723000
50,140,vysokogornyy,ru,53.93,56,0,3.09,1527725609
-32,152,taree,au,59,41,0,12.75,1527724800
62,-156,kenai,us,51.84,66,90,4.7,1527724560
44,40,kamennomostskiy,ru,56.9,79,32,2.01,1527725609
38,64,sayat,tm,60.8,49,0,9.17,1527721200
32,-84,cordele,us,80.29,61,40,6.93,1527723300
48,128,cuiluan,cn,68.15,61,0,3.36,1527725610
32,102,linqiong,cn,68,82,100,4.47,1527721200
-6,154,panguna,pg,82.01,87,68,4.88,1527725610
-24,18,mariental,na,40.7,48,0,5.32,1527725610
58,20,pavilosta,lv,53.6,71,0,5.82,1527724200
-12,132,jabiru,au,,,,,
44,30,sfantu gheorghe,ro,60.82,82,0,3.36,1527724800
-76,-166,avarua,ck,86,79,40,12.75,1527724800
28,92,tawang,in,44.03,75,0,1.07,1527725611
8,6,ode,ng,73.01,95,20,6.78,1527725611
-2,118,balikpapan,id,79.04,100,92,4.36,1527725562
58,78,kedrovyy,ru,51.8,66,0,7.34,1527723000
34,-108,socorro,us,96.1,6,1,6.93,1527724680
-16,146,cairns,au,75.2,64,75,13.87,1527721200
-20,58,roches noires,mu,,,,,
-26,-66,tucuman,ar,,,,,
44,-4,santander,es,59,100,92,4.7,1527724800
-6,88,meulaboh,id,79.58,100,12,3.98,1527725613
14,102,sa kaeo,th,79.31,93,56,4.32,1527725613
50,2,abbeville,fr,63.54,88,68,9.17,1527724800
36,6,constantine,dz,60.8,77,40,13.87,1527723000
2,124,manado,id,84.2,74,20,2.24,1527724800
50,-2,octeville,fr,60.8,87,20,3.36,1527724800
-8,138,merauke,id,80.03,86,32,18.34,1527725614
6,104,kuala terengganu,my,78.8,94,75,3.36,1527721200
36,110,yanan,cn,,,,,
22,-92,celestun,mx,84.26,92,0,16.96,1527725615
-34,176,ngunguru,nz,56.54,100,76,6.49,1527725615
38,-98,hutchinson,us,90.7,38,1,4.7,1527720780
22,-100,fernandez,mx,,,,,
18,82,chitrakonda,in,69.68,100,20,2.3,1527725615
62,42,shenkursk,ru,37.01,50,76,12.26,1527725616
-14,-74,tambo,pe,69.8,37,0,5.82,1527721200
-10,32,chinsali,zm,60.23,62,0,8.84,1527725616
34,134,waki,jp,68.7,93,75,3.36,1527723540
54,42,shatsk,ru,54.74,49,64,11.41,1527725616
28,-102,muzquiz,mx,,,,,
2,90,banda aceh,id,76.61,98,44,3.09,1527725617
70,30,vadso,no,37.4,97,88,2.24,1527724200
10,130,bacolod,ph,84.26,75,24,4.25,1527725618
54,58,lomovka,ru,57.2,41,88,22.37,1527723000
12,126,dapdap,ph,85.16,99,68,6.82,1527725619
26,114,xiongzhou,cn,69.8,100,92,4.47,1527721200
-10,42,madimba,tz,78.59,100,48,12.26,1527725619
-32,30,umzimvubu,za,,,,,
46,-102,dickinson,us,78.8,54,20,11.41,1527720960
46,36,novyy svit,ua,50.87,64,0,2.57,1527725620
46,14,idrija,si,65.3,100,20,5.82,1527724800
42,36,bafra,tr,66.2,77,75,11.41,1527724200
-32,-78,valparaiso,cl,53.6,76,75,11.41,1527721200
58,52,yukamenskoye,ru,39.98,79,80,13.38,1527725620
50,44,danilovka,ru,61.58,60,0,8.12,1527725620
44,36,ordzhonikidze,ua,65.27,80,0,12.64,1527725621
14,-58,bathsheba,bb,80.6,74,20,18.34,1527721200
44,-92,winona,us,73.4,83,40,4.54,1527724500
4,102,kuala lipis,my,75.17,97,92,2.86,1527725622
64,86,turukhansk,ru,30.35,100,64,6.38,1527725622
14,80,nayudupeta,in,76.61,92,0,2.8,1527725622
8,76,varkkallai,in,80.6,88,20,2.24,1527724800
30,130,kaseda,jp,68,94,90,4.7,1527721200
54,134,zlatoustovsk,ru,,,,,
70,-86,clyde river,ca,32,100,90,12.75,1527725040
34,-92,pine bluff,us,91.4,52,40,5.82,1527720960
64,48,blagoyevo,ru,31.16,63,76,11.52,1527725623
16,108,da nang,vn,,,,,
4,98,langsa,id,73.1,84,44,1.86,1527725623
88,68,dikson,ru,24.86,100,80,8.23,1527725624
58,88,teguldet,ru,59.06,63,92,5.99,1527725624
-36,-142,rikitea,pf,75.26,100,0,10.51,1527725624
-34,-60,san pedro,ar,56.36,95,92,13.27,1527725624
78,-144,aklavik,ca,67.03,28,20,3.36,1527724800
30,-112,pitiquito,mx,94.34,10,32,12.15,1527725625
16,20,biltine,td,69.68,60,0,2.8,1527725625
32,110,shiyan,cn,59.96,92,92,2.86,1527725625
24,26,asyut,eg,80.6,36,0,9.17,1527721200
42,-6,la baneza,es,44.3,88,0,4.76,1527725467
50,-112,taber,ca,69.8,22,40,8.05,1527724800
-30,24,de aar,za,36.56,60,48,2.75,1527725626
30,18,surt,ly,70.49,95,24,9.24,1527725626
12,-94,ocos,gt,82.36,79,75,3.36,1527721200
-34,116,collie,au,53.75,85,64,14.43,1527725626
40,34,sungurlu,tr,56.36,100,100,3.36,1527725626
66,132,verkhoyansk,ru,45.2,56,64,3.76,1527725627
20,74,ojhar,in,74.54,95,92,7.11,1527725627
52,-106,watrous,ca,59.78,94,88,13.53,1527725627
18,116,catuday,ph,84.44,100,8,4.99,1527725627
-10,14,sumbe,ao,72.47,100,36,4.03,1527725627
6,-70,cravo norte,co,79.94,86,32,2.8,1527725627
70,-8,klaksvik,fo,42.8,100,88,3.36,1527724200
0,42,afmadu,so,,,,,
-14,-66,santa rosa,bo,47.63,96,48,1.86,1527725628
20,-158,honolulu,us,84.27,65,40,16.11,1527722940
6,74,manadhoo,mv,81.83,100,24,16.62,1527725628
8,128,kinablangan,ph,80.75,100,76,5.1,1527725628
6,-12,robertsport,lr,81.47,100,48,7.23,1527725628
26,60,chabahar,ir,86.24,90,0,5.55,1527725629
44,-102,rapid valley,us,75.69,47,1,5.82,1527724500
48,6,vesoul,fr,61.67,96,92,9.4,1527725629
-24,-58,concepcion,py,78.68,52,88,7.78,1527725629
6,-52,kourou,gf,78.8,94,20,2.24,1527723000
52,158,petropavlovsk-kamchatskiy,ru,64.4,52,40,11.18,1527723000
34,64,sahrak,af,,,,,
-22,-76,tocopilla,cl,58.25,100,36,3.02,1527725631
50,102,zakamensk,ru,55.28,79,12,3.24,1527725631
50,-104,weyburn,ca,73.01,67,32,8.84,1527725631
42,-140,port hardy,ca,55.4,62,75,12.75,1527724800
60,80,kargasok,ru,40.88,71,0,5.48,1527725632
-28,-58,cerrito,py,76.97,50,12,6.11,1527725632
-10,30,luwingu,zm,55.82,66,0,5.7,1527725632
2,48,jawhar,so,76.88,88,32,11.03,1527725632
38,-110,cortez,us,80.6,15,40,12.75,1527720780
44,34,katsiveli,ua,,,,,
48,126,keshan,cn,,,,,
-4,-60,borba,br,76.43,95,44,3.8,1527725469
60,154,talaya,ru,53.12,85,76,1.79,1527725634
36,66,sar-e pul,af,41.33,75,0,2.19,1527725634
34,-106,ruidoso,us,91.47,10,1,24.16,1527724500
28,-104,camargo,mx,98.66,7,0,5.03,1527725634
-18,126,kununurra,au,78.8,27,0,13.87,1527724800
10,120,osmena,ph,82.91,100,8,4.59,1527725635
60,-2,scalloway,gb,,,,,
60,64,uray,ru,49.07,96,92,13.38,1527725635
2,-22,goderich,sl,,,,,
-32,22,carnarvon,za,31.34,75,44,6.38,1527725635
0,-12,harper,lr,81.47,100,68,9.57,1527725636
46,-100,bismarck,us,77.85,54,20,10.29,1527724320
14,-6,niono,ml,83,53,8,8.39,1527725637
30,62,mirabad,af,77.06,22,12,13.27,1527725637
12,-12,mali,gn,73.46,89,44,1.68,1527725637
-4,-46,santa ines,br,,,,,
54,44,kovylkino,ru,51.23,57,0,12.41,1527725637
38,24,rafina,gr,70.65,46,20,5.82,1527724200
-6,-48,ananas,br,,,,,
8,26,raga,sd,,,,,
24,56,dubai,ae,84.88,40,0,4.7,1527721200
30,120,fuyang,cn,68,88,40,13.42,1527723000
-4,144,angoram,pg,81.74,86,24,2.3,1527725638
-24,-52,barbosa ferraz,br,62.21,77,8,5.82,1527725638
18,0,kidal,ml,80.93,24,0,4.21,1527725638
-16,-92,huarmey,pe,63.38,72,0,4.03,1527725638
60,-136,whitehorse,ca,60.8,19,75,19.46,1527721200
50,94,samagaltay,ru,60.86,55,0,2.86,1527725639
38,-96,emporia,us,86,48,1,4.7,1527720780
68,38,ostrovnoy,ru,32.6,90,88,16.84,1527725639
56,130,chagda,ru,,,,,
64,-8,vestmanna,fo,42.8,100,32,3.36,1527724200
-18,62,quatre cocos,mu,68,88,75,6.93,1527721200
36,-128,ukiah,us,71.6,30,1,9.17,1527720960
-6,-86,talara,pe,69.8,77,0,10.29,1527721200
-12,30,samfya,zm,58.34,84,8,4.76,1527725640
54,64,borovskoy,kz,62.48,46,76,22.55,1527725640
-24,20,aranos,na,53.21,43,0,8.79,1527725640
6,102,sungai kolok,th,,,,,
12,108,da lat,vn,70.13,93,0,2.08,1527725641
62,60,polunochnoye,ru,50.69,97,92,6.49,1527725641
-6,144,mount hagen,pg,62.6,93,75,2.35,1527721200
62,8,ovre ardal,no,53.48,76,36,1.74,1527725641
-42,-70,san carlos de bariloche,ar,33.8,98,75,2.24,1527721200
26,68,sann,pk,84.2,45,0,3.24,1527721200
50,-70,forestville,ca,66.2,37,40,2.24,1527721200
-22,46,ihosy,mg,44.84,85,12,3.47,1527725642
16,-6,sokolo,ml,83.54,48,0,10.25,1527725642
50,-126,campbell river,ca,63.19,33,75,5.82,1527724800
-44,176,waipawa,nz,49.52,79,20,5.77,1527725642
32,0,aflu,dz,,,,,
26,-86,saint pete beach,us,79.84,88,90,8.05,1527723300
-4,30,rutana,bi,52.31,87,0,2.19,1527725642
42,-86,granger,us,73.4,94,90,13.87,1527724020
38,10,manzil jamil,tn,,,,,
52,10,bad salzdetfurth,de,64.45,88,0,5.82,1527724200
-12,-78,chancay,pe,61.04,96,24,5.88,1527725643
-32,154,port macquarie,au,55.4,47,0,9.17,1527721200
40,128,linjiang,cn,61.4,74,0,4.81,1527725643
26,106,anshun,cn,58.7,99,92,4.59,1527725644
46,88,altay,cn,37.37,78,92,3.31,1527725644
36,-10,lagos,pt,59,82,0,6.93,1527724800
0,108,sungairaya,id,75.53,99,92,3.31,1527725644
0,126,tidore,id,,,,,
-2,-66,fonte boa,br,77.6,92,12,3.02,1527725644
44,10,lerici,it,64.4,100,40,1.12,1527723900
-18,30,chegutu,zw,53.3,77,8,6.22,1527725645
-34,152,sydney,au,57.06,47,20,25.28,1527724800
28,66,surab,pk,56.36,35,0,4.81,1527725645
52,84,petropavlovskoye,ru,44.6,93,90,13.42,1527723000
4,34,kaabong,ug,63.74,93,80,1.57,1527725645
38,-118,fallon,us,80.6,42,1,4.36,1527720960
-36,152,ulladulla,au,55.4,54,0,23.04,1527721200
58,156,tigil,ru,49.07,82,76,17.07,1527725646
52,92,chaa-khol,ru,,,,,
18,-70,bajos de haina,do,79.75,83,75,2.35,1527721200
24,-82,key west,us,71.55,78,75,3.36,1527724500
40,-26,praia da vitoria,pt,60.8,77,20,7.9,1527724800
66,24,tornio,fi,49.98,61,0,8.05,1527724200
8,124,munai,ph,73.01,100,68,2.86,1527725646
20,80,mul,in,76.97,90,76,6.26,1527725647
48,-74,la tuque,ca,70.76,40,8,5.88,1527725647
36,124,yatou,cn,49.16,61,76,1.97,1527725647
8,16,bol,td,75.44,51,0,2.46,1527725647
2,12,bitam,ga,73.55,93,76,2.68,1527725647
-10,118,sumbawa,id,,,,,
16,0,gao,ml,88.58,35,8,10.8,1527725647
62,50,mikun,ru,30.98,65,20,20.02,1527725648
16,-160,ewa beach,us,84.27,54,40,14.99,1527722940
30,84,pokhara,np,57.71,85,80,3.31,1527725648
4,-106,acapulco,mx,87.8,66,40,8.05,1527720360
52,108,onokhoy,ru,64.4,52,0,2.24,1527723000
14,6,madaoua,ne,83.18,59,0,9.57,1527725649
36,98,jiuquan,cn,53.66,36,32,3.69,1527725649
58,-10,stornoway,gb,53.6,93,24,4.7,1527724200
-8,146,kerema,pg,74.36,93,80,3.76,1527725649
-14,-68,rurrenabaque,bo,73.55,81,20,2.75,1527725649
-8,-72,cruzeiro do sul,br,80.6,74,20,6.93,1527721200
32,12,jadu,ly,71.21,53,12,4.03,1527725650
54,104,osa,ru,42.23,93,92,11.81,1527725650
20,72,chinchani,in,73.46,96,44,6.04,1527725650
-30,148,narrabri,au,47.63,72,76,5.77,1527725650
38,26,piryion,gr,,,,,
40,-76,coatesville,us,70.41,88,90,6.93,1527724500
60,30,lisiy nos,ru,51.8,62,0,11.18,1527723000
46,-66,oromocto,ca,63.5,42,1,10.29,1527724800
68,120,zhigansk,ru,46.55,63,64,5.88,1527725651
52,-104,wadena,ca,69.95,70,48,12.75,1527725651
8,62,kavaratti,in,81.65,100,80,17.4,1527725651
16,-62,vieux-habitants,gp,78.8,78,0,4.7,1527723000
48,-64,grande-riviere,ca,,,,,
46,38,primorsko-akhtarsk,ru,61.67,99,0,6.49,1527725652
-20,156,bundaberg,au,59.51,100,0,20.87,1527725652
16,2,ayorou,ne,87.59,42,8,11.14,1527725652
30,108,fuling,cn,63.38,99,92,3.2,1527725652
-34,174,kaeo,nz,55.91,79,48,3.69,1527725653
28,74,bhadasar,in,78.59,53,0,2.86,1527725653
-6,42,chake chake,tz,80.84,99,88,18.3,1527725653
10,-82,bocas del toro,pa,83.72,100,80,5.48,1527725600
40,-116,elko,us,60.8,63,90,11.41,1527721440
-6,-70,eirunepe,br,79.76,87,20,1.34,1527725653
34,-100,vernon,us,73.4,68,1,4.7,1527723300
56,0,whitley bay,gb,53.6,100,90,5.37,1527724200
52,-100,dauphin,ca,71.6,60,75,11.41,1527724800
4,104,cukai,my,77,100,75,2.24,1527721200
-30,22,prieska,za,36.2,60,0,3.31,1527725654
48,142,ilinskiy,ru,54.93,58,0,8.95,1527723000
40,24,sikea,gr,,,,,
-16,18,menongue,ao,59.42,72,24,2.01,1527725656
52,104,bolshoy lug,ru,51.8,81,0,4.47,1527723000
28,-112,santa rosalia,mx,104,13,5,11.41,1527720000
-8,-58,jacareacanga,br,76.43,90,8,2.19,1527725656
20,-74,baracoa,cu,78.77,100,12,11.92,1527725657
40,42,horasan,tr,42.95,92,80,2.24,1527725657
-32,86,carnarvon,au,66.08,100,0,5.55,1527725657
-20,-48,miguelopolis,br,69.8,43,0,3.36,1527721200
34,120,dongkan,cn,68.6,91,80,4.7,1527725657
-10,-38,jeremoabo,br,70.94,82,48,11.14,1527725658
58,102,ust-ilimsk,ru,58.25,73,0,4.21,1527725658
18,34,barbar,sd,,,,,
58,26,torva,ee,53.6,62,0,4.7,1527724200
56,116,taksimo,ru,62.93,70,64,2.8,1527725658
30,94,along,in,64.55,95,12,1.97,1527725658
-2,28,kabare,cd,,,,,
56,160,klyuchi,ru,45.83,84,24,15.28,1527725659
36,-86,lebanon,us,72.77,43,1,3.36,1527724560
-8,40,kilindoni,tz,80.48,97,88,15.77,1527725659
18,42,abha,sa,70.65,35,0,3.36,1527721200
42,-98,norfolk,us,75.6,94,90,9.17,1527724920
12,122,caticlan,ph,84.53,100,24,12.15,1527725642
-36,150,batemans bay,au,55.01,88,36,10.85,1527725660
8,-82,remedios,pa,82.4,83,75,3.36,1527721200
32,114,xinyang,cn,70.22,80,44,4.32,1527725660
36,-120,avenal,us,81.43,18,40,11.41,1527720960
26,76,tonk,in,77.33,72,0,2.19,1527725660
58,96,motygino,ru,56.27,58,8,6.22,1527725661
52,42,rzhaksa,ru,50.87,77,8,2.98,1527725661
26,-156,ahuimanu,us,84.31,65,40,16.11,1527722940
54,84,pervomayskoye,ru,56.63,67,24,6.38,1527725661
56,10,stilling,dk,65.01,72,0,3.36,1527724200
24,132,gushikawa,jp,83.55,83,1,16.11,1527724560
28,-98,alice,us,88.7,55,1,19.46,1527724560
26,20,awjilah,ly,78.14,34,0,10.29,1527725662
-18,-64,mairana,bo,58.79,88,48,2.86,1527725662
-16,14,lubango,ao,55.91,91,0,2.75,1527725662
8,-16,conakry,gn,80.84,100,76,8.61,1527725662
12,40,korem,et,58.97,71,12,2.98,1527725663
42,128,songjianghe,cn,61.4,74,0,4.81,1527725663
44,8,imperia,it,66.2,93,40,3.36,1527724500
6,22,bria,cf,65.63,94,12,2.98,1527725663
54,82,suzun,ru,43.4,100,92,11.92,1527725663
10,-70,carora,ve,80.12,48,0,10.85,1527725664
-14,-60,vilhena,br,73.4,83,0,5.82,1527721200
58,-16,hofn,is,47.36,92,24,7.78,1527725664
-20,42,morondava,mg,65,100,0,4.47,1527725664
66,28,kemijarvi,fi,,,,,
24,30,esna,eg,,,,,
-16,52,antalaha,mg,71.93,89,8,8.12,1527725664
8,14,tchollire,cm,71.3,95,36,2.8,1527725665
50,138,gurskoye,ru,,,,,
52,32,shchors,ua,64.1,73,24,3.09,1527725665
56,-30,olafsvik,is,,,,,
52,100,orlik,ru,42.68,79,8,2.24,1527725665
50,0,fecamp,fr,59.88,93,0,5.82,1527724800
48,-136,prince rupert,ca,53.6,71,1,9.17,1527724800
22,38,jiddah,sa,,,,,
60,84,belyy yar,ru,53.6,76,0,2.24,1527723000
8,-4,dabakala,ci,72.02,98,80,7.23,1527725666
8,-96,champerico,gt,80.6,88,90,9.17,1527721200
48,26,musenita,ro,66.2,42,0,6.93,1527724800
32,22,darnah,ly,72.2,97,0,3.8,1527725666
-18,48,anjozorobe,mg,53.6,93,20,2.24,1527723000
44,14,ancona,it,69.8,88,40,2.24,1527720600
30,76,dirba,in,76.88,60,0,6.38,1527725667
0,-76,puerto asis,co,74.9,91,8,2.08,1527725667
12,30,abu zabad,sd,73.28,88,44,5.32,1527725667
74,4,sorland,no,46.91,94,32,15.95,1527725667
10,-52,iracoubo,gf,78.41,82,20,5.26,1527725668
50,164,nikolskoye,ru,51.8,62,0,11.18,1527723000
40,-100,lexington,us,74.59,88,40,6.93,1527723720
36,4,tazmalt,dz,62.6,93,40,4.7,1527724800
24,52,doha,qa,87.8,66,0,3.36,1527721200
8,-72,san juan de colon,ve,78.8,88,40,8.05,1527721200
8,108,vung tau,vn,80.6,94,40,6.93,1527723000
56,-88,attawapiskat,ca,,,,,
0,-54,prainha,br,78.77,90,68,1.97,1527725669
48,-10,skibbereen,ie,55.4,93,75,8.05,1527723000
-4,-54,santarem,br,,,,,
-40,166,wanaka,nz,32.78,95,12,2.57,1527725595
20,84,udayagiri,in,70.58,94,64,4.76,1527725669
24,-106,tayoltita,mx,90.56,38,0,2.08,1527725670
14,-64,barroualie,vc,,,,,
32,62,farah,af,62.57,31,0,3.69,1527725671
-14,24,kabompo,zm,54.38,67,0,7.11,1527725671
64,54,sosnogorsk,ru,34.04,86,92,12.3,1527725671
54,62,bobrovka,ru,53.3,59,0,10.8,1527725671
6,-102,tecoanapa,mx,87.8,66,40,8.05,1527720360
-4,-40,iraucuba,br,77.15,69,88,5.32,1527725672
16,74,savantvadi,in,76.88,99,92,2.98,1527725672
34,52,kashan,ir,65.72,63,48,3.24,1527725672
14,116,cabra,ph,86.15,97,12,16.4,1527725672
-8,-48,araguaina,br,83.81,42,88,7.56,1527725673
26,-78,high rock,bs,82.4,83,40,14.38,1527721200
40,52,gurgan,az,,,,,
4,24,bondo,cd,71.03,99,88,2.46,1527725673
24,102,zhoucheng,cn,62.48,99,100,15.84,1527725673
66,-20,skagastrond,is,,,,,
48,24,bocicoiu mare,ro,62.6,77,20,5.82,1527724800
6,-54,mana,gf,77.87,86,36,3.58,1527725674
-50,170,kaitangata,nz,38.54,76,0,4.54,1527725674
60,70,gornopravdinsk,ru,46.1,59,80,12.37,1527725674
-18,-70,tacna,pe,62.78,82,90,6.93,1527721200
-20,22,nokaneng,bw,71.21,44,56,7.78,1527725674
12,38,debre tabor,et,57.71,94,92,2.8,1527725674
18,108,dong hoi,vn,82.28,93,0,4.21,1527725675
62,18,harnosand,se,46.47,93,0,1.12,1527724200
34,0,wahran,dz,,,,,
56,-8,buncrana,ie,53.66,92,44,3.24,1527725675
54,-108,meadow lake,ca,46.4,93,90,16.11,1527721200
56,158,esso,ru,39.89,100,64,2.46,1527725675
-28,54,saint-joseph,re,67.82,60,0,9.17,1527723000
60,94,severo-yeniseyskiy,ru,54.74,65,20,9.24,1527725676
-6,108,pamanukan,id,82.01,100,32,3.2,1527725676
-22,52,saint-leu,re,67.93,60,0,9.17,1527723000
14,130,san policarpo,ph,84.08,96,20,4.99,1527725676
64,130,namtsy,ru,53.03,47,0,8.5,1527725676
28,-80,sebastian,us,77,88,40,8.84,1527720960
-4,-36,macau,br,80.3,57,12,10.8,1527725677
32,66,qandahar,af,,,,,
8,42,harer,et,61.58,79,76,2.75,1527725502
-2,44,kismayo,so,,,,,
48,32,kompaniyivka,ua,54.38,66,0,2.75,1527725677
54,30,orsha,by,57.35,46,12,9.84,1527725677
46,16,zagreb,hr,62.6,88,0,3.36,1527724800
58,-118,high level,ca,60.8,38,75,9.17,1527724800
62,62,pelym,ru,47.45,96,92,7.83,1527725678
18,102,nam som,th,76.59,94,75,2.24,1527723000
22,76,bhikangaon,in,81.2,64,0,8.9,1527725678
36,56,shahrud,ir,46.73,93,0,1.97,1527725385
-30,-68,la rioja,ar,51.68,100,92,4.7,1527725679
30,122,dinghai,cn,80.6,88,20,2.24,1527721200
28,-84,clearwater,us,79.72,83,40,10.29,1527723300
54,102,zima,ru,62.93,55,0,5.48,1527725681
6,10,mbengwi,cm,62.75,100,88,1.3,1527725681
18,-68,rincon,us,75.99,83,75,4.7,1527724560
52,26,pinsk,by,64.91,69,0,2.75,1527725681
50,134,litovko,ru,66.53,33,8,8.5,1527725682
-20,16,outjo,na,55.4,47,0,1.12,1527721200
34,48,alashtar,ir,,,,,
4,-6,sassandra,ci,79.67,100,88,10.74,1527725682
42,-102,north platte,us,82.4,45,20,3.36,1527724380
-12,-62,presidente medici,br,76.16,87,0,2.35,1527725682
4,8,opobo,ng,,,,,
-6,-50,itupiranga,br,77,83,0,4.88,1527721200
26,64,pasni,pk,87.68,67,0,14.43,1527725436
58,110,alekseyevsk,ru,57.89,74,92,4.32,1527725683
54,112,sosnovo-ozerskoye,ru,65.36,75,0,3.87,1527725683
2,172,taburao,ki,,,,,
-90,-12,hermanus,za,47.18,97,48,4.81,1527725683
-30,152,armidale,au,43.13,80,0,7.34,1527725683
58,46,vetluga,ru,45.02,71,48,10.29,1527725683
26,-112,loreto,mx,80.48,35,64,5.99,1527725684
28,4,warqla,dz,,,,,
38,30,dinar,tr,55.4,93,75,2.24,1527724200
32,-110,sierra vista,us,90.91,5,1,11.41,1527724740
50,-72,dolbeau,ca,,,,,
36,10,harqalah,tn,69.12,88,40,11.41,1527723000
34,4,birin,dz,,,,,
2,108,pemangkat,id,,,,,
50,-102,moosomin,ca,65.27,90,12,10.92,1527725685
14,4,dogondoutchi,ne,82.46,65,0,8.34,1527725685
58,48,tuzha,ru,44.12,83,88,9.06,1527725685
58,124,serebryanyy bor,ru,59.78,64,32,3.47,1527725685
14,2,ouallam,ne,85.34,50,0,9.4,1527725685
50,136,elban,ru,60.32,47,12,5.37,1527725686
8,20,ndele,cf,71.93,96,8,7.56,1527725686
36,-78,rocky mount,us,76.75,100,1,4.76,1527724380
62,164,kamenskoye,ru,,,,,
56,62,martyush,ru,55.55,73,44,18.63,1527725686
44,-62,antigonish,ca,41,48,1,9.17,1527724800
-36,-64,general pico,ar,51.32,59,92,4.32,1527725687
18,-158,lahaina,us,81.57,61,90,19.46,1527721440
4,20,bosobolo,cd,69.14,94,8,2.98,1527725687
48,-106,glendive,us,79.02,47,1,5.82,1527724500
-12,-72,pangoa,pe,67.88,94,24,1.52,1527725687
54,40,korablino,ru,56.54,44,0,11.92,1527725687
58,4,varhaug,no,62.6,82,0,8.05,1527724200
6,-6,gagnoa,ci,73.64,95,48,4.09,1527725688
-2,-40,acarau,br,,,,,
-18,-52,jatai,br,69.5,60,68,5.03,1527725688
14,-12,kayes,ml,86.96,53,76,2.86,1527725688
24,118,shima,cn,74.81,55,0,3.98,1527725689
-58,-112,castro,cl,37.46,100,0,6.49,1527725689
70,82,karaul,ru,,,,,
-2,-60,manaus,br,77,94,20,4.47,1527721200
64,50,koslan,ru,30.17,65,68,11.63,1527725689
54,20,morag,pl,61.85,75,0,2.68,1527725689
-20,-174,pangai,to,78.8,65,20,6.93,1527724800
28,-12,arrecife,es,66.2,77,20,16.11,1527724800
28,16,hun,ly,82.46,22,24,8.57,1527725690
64,60,inta,ru,29.18,80,80,7.83,1527725690
-22,44,ankazoabo,mg,51.77,73,0,3.02,1527725690
36,-70,nantucket,us,59.76,72,1,6.93,1527723300
50,-84,hearst,ca,79.58,63,76,6.04,1527725690
4,28,yambio,sd,,,,,
50,-64,havre-saint-pierre,ca,50,43,75,11.41,1527721200
-32,34,durban,za,71.03,100,0,22.66,1527725691
10,96,ranong,th,77,100,0,4.59,1527724800
8,44,hargeysa,so,67.16,67,44,10.36,1527725691
-12,34,mzimba,mw,51.68,82,0,5.03,1527725692
48,140,sovetskaya gavan,ru,50.78,83,0,1.57,1527725692
-10,-50,miranorte,br,,,,,
22,66,keti bandar,pk,84.8,97,0,13.09,1527725692
60,174,anadyr,ru,41,86,90,13.42,1527723000
68,30,kovdor,ru,37.46,81,32,3.31,1527725692
36,24,ayia marina,gr,70.72,46,20,8.05,1527724200
4,-70,cumaribo,co,,,,,
4,4,warri,ng,74.36,98,76,3.47,1527725693
36,22,koroni,gr,62.6,82,20,8.39,1527724200
64,46,leshukonskoye,ru,31.7,62,80,11.59,1527725694
14,-22,vila do maio,cv,69.8,77,0,13.87,1527724800
20,-156,kihei,us,80.64,65,40,26.4,1527721440
-14,-42,livramento,br,77,88,0,5.82,1527721200
16,96,pyapon,mm,79.13,100,92,8.9,1527725694
16,86,narasannapeta,in,83.63,90,88,5.59,1527725695
44,50,fort-shevchenko,kz,57.71,91,0,7.23,1527725695
46,112,baruun-urt,mn,70.22,28,0,11.52,1527725695
-6,30,kalemie,cd,76.16,98,0,3.8,1527725695
30,-80,ormond beach,us,77.49,94,75,3.36,1527720780
-12,24,mwinilunga,zm,61.67,61,64,2.68,1527725695
42,-80,erie,us,77.34,58,1,8.05,1527724560
36,28,lardos,gr,69.8,88,20,12.75,1527724200
46,50,marfino,ru,54.86,66,0,6.71,1527723000
-16,26,namwala,zm,53.21,89,0,4.03,1527725696
-4,26,kampene,cd,75.17,79,12,3.69,1527725696
50,40,mitrofanovka,ru,61.31,57,0,9.57,1527725696
0,-70,mitu,co,78.68,89,48,2.08,1527725697
-8,-30,pitimbu,br,77,78,40,8.05,1527721200
32,52,shahreza,ir,53.66,42,88,2.98,1527725697
40,-94,excelsior springs,us,85.51,45,20,12.75,1527720840
10,-68,tacarigua,ve,79.4,91,0,19.69,1527725697
2,30,bunia,cd,60.41,92,12,2.98,1527725697
2,38,marsabit,ke,68.78,87,12,3.24,1527725698
8,120,simbahan,ph,82.91,100,48,5.59,1527725698
4,-88,puerto baquerizo moreno,ec,75.2,83,75,13.87,1527721200
-40,178,wairoa,nz,51.77,100,64,12.3,1527725698
26,86,darbhanga,in,79.67,69,0,9.13,1527725698
38,104,wuwei,cn,55.82,58,0,6.78,1527725698
48,-66,new richmond,ca,60.8,41,5,3.31,1527724800
8,104,ca mau,vn,81.2,96,56,3.8,1527725699
34,14,tripoli,ly,69.23,99,12,7.56,1527725699
58,70,vagay,ru,46.46,86,92,17.11,1527725699
-40,-72,panguipulli,cl,44.6,100,75,4.21,1527721200
12,6,gusau,ng,74,88,8,6.22,1527725699
46,132,baoqing,cn,71.21,59,0,8.72,1527725700
32,74,kamoke,pk,82.74,66,0,5.82,1527723000
70,86,dudinka,ru,32.33,99,88,9.35,1527725700
44,130,ningan,cn,,,,,
68,34,kirovsk,ru,32.33,67,0,5.88,1527725700
-22,50,mananjary,mg,42.59,81,0,2.75,1527725700
-26,152,kingaroy,au,53.75,60,0,17.18,1527725700
32,134,muroto,jp,68,88,75,3.36,1527721200
32,-114,fortuna foothills,us,98.6,10,1,14.99,1527721020
38,58,buzmeyin,tm,68,56,75,2.24,1527721200
44,100,hovd,mn,53.03,46,92,3.2,1527725701
56,90,nazarovo,ru,57.98,60,80,8.39,1527725701
24,72,patan,in,82.64,71,0,7.38,1527725702
48,-76,senneterre,ca,80.6,28,75,9.17,1527721200
34,-66,saint george,bm,75.2,83,75,10.29,1527720900
-2,104,jambi,id,74.54,96,92,2.46,1527725702
-8,-50,conceicao do araguaia,br,80.66,44,0,5.7,1527725703
-8,122,maumere,id,80.75,100,0,3.98,1527725703
66,56,puteyets,ru,32.06,84,44,13.6,1527725703
16,-88,puerto cortes,hn,,,,,
62,64,zelenoborsk,ru,44.84,98,92,13.94,1527725704
-30,-56,alegrete,br,68.06,75,56,4.76,1527725704
40,68,zomin,uz,49.43,74,12,3.09,1527725705
22,-90,progreso,mx,82.64,20,0,8.12,1527725705
38,52,fereydun kenar,ir,66.2,93,90,4.7,1527721200
40,-72,mastic beach,us,62.24,87,1,3.36,1527724560
68,138,deputatskiy,ru,36.56,85,80,4.09,1527725705
-14,-62,rolim de moura,br,,,,,
6,-64,ciudad bolivar,ve,87.86,50,92,15.43,1527725706
52,106,istok,ru,33.8,64,75,11.18,1527723000
-10,-52,formoso do araguaia,br,,,,,
30,-106,ahumada,mx,,,,,
54,-70,port-cartier,ca,55.4,35,40,4.7,1527721200
-6,-76,yurimaguas,pe,82.4,78,40,4.7,1527721200
54,-128,kitimat,ca,59,41,40,9.17,1527724800
50,132,tyrma,ru,66.26,47,8,3.36,1527725707
64,10,olden,no,60.77,49,76,0.85,1527725707
-20,-54,campo verde,br,77,78,40,8.05,1527721200
56,-4,cumbernauld,gb,56.64,87,0,3.36,1527724200
34,36,riyaq,lb,,,,,
24,6,gat,ly,,,,,
38,54,bandar-e torkaman,ir,,,,,
26,-92,morgan city,us,87.1,66,1,10.29,1527720960
24,106,bose,cn,,,,,
20,-72,cap-haitien,ht,82.46,83,0,16.89,1527725708
54,138,mnogovershinnyy,ru,53.66,50,0,5.88,1527725708
38,46,azar shahr,ir,,,,,
-24,118,roebourne,au,62.93,40,0,2.86,1527725709
-16,34,tete,mz,63.38,76,0,5.37,1527725709
24,-80,corralillo,cu,80.48,91,80,6.38,1527725709
-2,150,kavieng,pg,83.63,100,24,4.54,1527725414
-14,32,katete,zm,,,,,
50,-52,bonavista,ca,38,94,100,36.24,1527725709
10,-14,boffa,gn,77.24,88,32,6.11,1527725711
-14,48,ambanja,mg,64.1,83,20,4.09,1527725711
-30,-58,bella union,uy,66.26,86,48,3.36,1527725711
-36,-70,san clemente,cl,44.6,93,12,1.12,1527721200
6,112,miri,my,80.6,83,75,2.24,1527724800
-26,-58,villa oliva,py,,,,,
42,28,ahtopol,bg,53.6,66,0,3.36,1527724800
-2,-42,tutoia,br,78.5,86,32,4.03,1527725712
40,134,vrangel,ru,50.96,91,56,5.1,1527725712
-6,28,kabalo,cd,71.93,60,0,5.55,1527725712
44,18,gromiljak,ba,55.4,100,0,3.36,1527724800
20,-94,paraiso,mx,95,6,5,5.82,1527720300
40,70,chkalovsk,tj,,,,,
18,88,paradwip,in,,,,,
60,26,loviisa,fi,50,61,0,8.05,1527724200
16,10,tanout,ne,84.44,34,12,5.59,1527725714
44,24,marsani,ro,59,77,0,2.24,1527723000
68,16,kjopsvik,no,39.2,80,36,4.7,1527724200
62,58,nyrob,ru,37.01,98,92,18.12,1527725714
14,104,phrai bung,th,,,,,
62,136,dzhebariki-khaya,ru,51.5,49,80,4.99,1527725715
-6,-44,colinas,br,78.95,56,12,3.53,1527725448
38,-92,rolla,us,84.42,54,1,5.82,1527724380
30,16,waddan,ly,82.46,22,24,8.57,1527725717
-8,2,gamba,ga,77.42,99,48,7.61,1527725717
52,28,lyuban,by,68.6,43,8,7.27,1527725717
60,10,vikersund,no,61.4,67,0,2.57,1527725717
-12,36,tingi,tz,70.85,100,0,4.81,1527725718
-62,156,tuatapere,nz,46.46,100,0,5.48,1527725718
10,100,ko samui,th,82.4,94,20,5.55,1527724800
-16,108,bambanglipuro,id,70.04,91,0,2.46,1527725718
46,26,cernat,ro,50.87,73,0,1.97,1527725718
-14,-50,crixas,br,69.77,61,0,4.47,1527725719
22,-94,vega de alatorre,mx,84.71,74,20,4.09,1527725719
50,-56,springdale,ca,34.58,84,0,22.1,1527725719
52,40,verkhnyaya khava,ru,53.6,81,0,4.47,1527723000
42,-108,rawlins,us,75.2,22,20,10.29,1527724380
2,116,tarakan,id,77.51,100,64,5.32,1527725719
-38,144,geelong,au,51.8,87,75,10.29,1527724800
12,106,kracheh,kh,,,,,
66,90,svetlogorsk,ru,57.2,41,80,22.37,1527723000
38,14,cefalu,it,56.45,100,0,2.01,1527725720
46,72,saryshagan,kz,,,,,
48,130,xinqing,cn,67.88,56,0,3.24,1527725720
0,44,barawe,so,,,,,
-4,-56,itaituba,br,76.07,94,12,2.08,1527725720
-36,-58,dolores,ar,50.78,93,92,10.51,1527725720
18,84,srikakulam,in,86.33,98,80,11.52,1527725721
0,-78,cayambe,ec,50.69,85,36,1.68,1527725721
64,-146,fairbanks,us,61.39,31,75,4.7,1527724680
36,106,pingliang,cn,57.17,69,20,4.09,1527725721
2,18,impfondo,cg,72.38,97,24,1.19,1527725721
24,62,jiwani,pk,79.76,74,0,2.35,1527725721
-14,16,caconda,ao,51.5,75,0,2.57,1527725722
12,46,aden,ye,86.15,98,80,9.24,1527725722
-2,114,kualakapuas,id,78.23,91,36,3.36,1527725722
-8,6,mayumba,ga,75.8,96,88,4.81,1527725722
38,-74,ocean city,us,81.82,83,75,9.17,1527722820
36,52,damavand,ir,69.8,43,0,4.7,1527723000
44,-74,glens falls,us,78.82,47,1,11.41,1527724560
-14,-44,carinhanha,br,70.85,56,64,6.78,1527725723
-8,-34,olinda,br,67.5,82,0,1.12,1527721200
60,32,novaya ladoga,ru,49.97,50,0,11.59,1527725723
50,-122,lillooet,ca,69.8,21,1,8.05,1527724800
-38,178,ruatoria,nz,,,,,
56,112,yanchukan,ru,,,,,
40,-80,uniontown,us,75.87,61,75,10.29,1527724560
38,-106,alamosa,us,61.86,32,20,18.34,1527724320
54,0,bridlington,gb,55.96,100,8,1.12,1527724200
38,112,taiyuan,cn,66.2,48,0,2.24,1527723000
38,72,karakendzha,tj,,,,,
-14,108,srandakan,id,70.04,91,0,2.46,1527725724
-2,-84,salinas,ec,55.4,71,40,3.36,1527721200
50,142,boshnyakovo,ru,48.8,88,24,2.35,1527725725
12,116,tagusao,ph,80.48,100,88,2.68,1527725725
24,104,zhongshu,cn,62.84,93,92,2.86,1527725725
50,-88,geraldton,ca,75.2,64,75,2.24,1527724800
22,92,bandarban,bd,77.6,91,8,3.36,1527725725
-20,-172,alofi,nu,78.8,88,75,10.29,1527724800
28,116,linchuan,cn,,,,,
22,-158,wahiawa,us,84.31,54,40,14.99,1527722940
70,88,talnakh,ru,32.15,98,88,3.76,1527725726
-2,-56,juruti,br,73.73,94,48,1.52,1527725726
-22,166,bouloupari,nc,77,44,0,3.36,1527724800
14,38,aksum,et,59.78,94,80,2.53,1527725727
4,-76,tulua,co,,,,,
-22,150,mackay,au,66.2,72,0,6.93,1527721200
46,-64,amherst,ca,57.2,62,20,10.29,1527724800
40,48,imisli,az,,,,,
36,8,manzil salim,tn,69.8,49,20,9.17,1527721200
0,12,booue,ga,72.65,99,92,2.68,1527725727
-10,-70,manoel urbano,br,79.94,83,8,1.97,1527725727
2,-68,inirida,co,74.45,97,48,1.97,1527725728
-14,-46,posse,br,67.07,53,0,8.79,1527725729
42,68,chardara,kz,,,,,
48,94,erzin,ru,60.32,42,0,2.8,1527725729
-30,28,quthing,ls,42.86,52,12,5.03,1527725730
-50,-82,coihaique,cl,30.96,82,0,3.36,1527721200
28,26,marsa matruh,eg,68,82,0,4.7,1527721200
-34,-64,rio cuarto,ar,46.4,81,90,4.7,1527721200
72,0,roald,no,54.1,100,0,3.36,1527724200
-24,54,saint-pierre,re,67.78,60,0,9.17,1527723000
12,114,candawaga,ph,,,,,
48,0,allonnes,fr,63.39,93,0,1.12,1527724800
44,-78,colborne,ca,81.48,51,75,10.29,1527724800
-22,94,palabuhanratu,id,,,,,
28,106,tongzi,cn,66.44,95,92,4.09,1527725731
48,16,berndorf,at,60.8,82,0,6.93,1527724200
36,122,wencheng,cn,70.58,99,92,2.35,1527725732
30,-94,nederland,us,86.43,58,20,11.41,1527724500
28,14,sabha,ly,87.86,18,92,3.24,1527725732
44,-2,hendaye,fr,60.73,82,92,3.36,1527724800
40,-6,bejar,es,55.46,88,32,2.24,1527725733
-42,148,launceston,au,42.8,75,0,6.93,1527723000
-34,-70,machali,cl,41.42,100,68,1.52,1527725733
18,-14,ndioum,sn,73.4,64,0,4.7,1527721200
-46,170,milton,nz,38.54,76,0,4.54,1527725733
36,-94,fayetteville,us,86,62,1,8.05,1527724680
-12,-84,chimbote,pe,64.73,91,20,8.61,1527725734
-14,20,luena,ao,55.01,76,0,2.53,1527725734
-4,-80,alamor,ec,75.2,78,75,6.93,1527721200
8,-10,koindu,sl,73.46,97,92,3.2,1527725734
56,118,chara,ru,58.34,68,24,2.46,1527725735
2,8,luba,gq,73.4,94,20,2.24,1527721200
36,18,locri,it,71.6,88,0,4.7,1527720900
54,60,uyskoye,ru,57.44,56,32,15.84,1527725735
54,-114,westlock,ca,46.4,93,90,8.05,1527724800
74,30,berlevag,no,38.45,100,88,9.8,1527725735
0,-52,mazagao,br,77,100,40,2.24,1527721200
44,138,terney,ru,50.51,100,64,12.3,1527725736
52,12,zerbst,de,60.8,93,0,4.7,1527724200
34,-80,florence,us,77.67,78,1,9.17,1527724560
64,134,khandyga,ru,51.5,49,80,4.99,1527725736
56,92,divnogorsk,ru,51.8,66,0,1.07,1527723000
30,110,enshi,cn,59.24,100,92,3.31,1527725737
60,148,ust-omchug,ru,40.25,57,88,8.9,1527725738
28,94,ziro,in,59.96,96,68,1.74,1527725738
54,-180,egvekinot,ru,36.83,94,36,3.24,1527725738
-6,44,micheweni,tz,79.04,100,92,17.29,1527725739
48,132,babstovo,ru,69.41,57,0,8.57,1527725739
-8,-114,puerto ayora,ec,78.8,69,20,18.34,1527721200
42,74,toktogul,kg,23.33,79,0,1.19,1527725740
52,124,tahe,cn,69.77,52,0,3.47,1527725740
50,88,aktash,ru,35.21,94,92,2.08,1527725740
24,122,suao,tw,,,,,
30,74,ganganagar,in,77.96,74,68,4.47,1527725741
8,-68,calabozo,ve,89.39,39,20,9.84,1527725741
50,48,novouzensk,ru,65,51,12,12.3,1527725741
26,90,dhuburi,in,73.64,95,88,2.8,1527725741
34,114,xuchang,cn,73.4,43,0,8.95,1527721200
46,-96,fergus falls,us,73.87,64,40,3.36,1527724380
42,6,la seyne-sur-mer,fr,66.2,93,90,3.36,1527724800
24,98,banmo,mm,,,,,
30,86,kathmandu,np,64.4,100,75,3.02,1527724200
-6,36,msanga,tz,63.38,77,36,5.48,1527725742
50,106,suhbaatar,mn,62.93,70,92,4.09,1527725742
52,74,ereymentau,kz,40.43,79,24,9.62,1527725742
50,116,sherlovaya gora,ru,73.37,54,0,5.21,1527725742
10,-72,villa del rosario,ve,72.38,87,48,4.32,1527725743
38,-8,ferreira do alentejo,pt,55.4,93,40,6.55,1527724800
58,-4,golspie,gb,53.6,100,75,2.24,1527724200
0,120,palu,id,67.7,95,92,1.52,1527725743
32,8,duz,tn,,,,,
-10,-40,jaguarari,br,67.61,92,88,11.86,1527725743
14,82,kattivakkam,in,86,84,20,6.93,1527723000
-14,-90,chicama,pe,64.4,88,75,10.29,1527721200
48,122,zalantun,cn,71.48,73,0,3.2,1527725656
70,58,amderma,ru,,,,,
-10,-48,palmas,br,77,69,0,6.93,1527721200
30,-110,cumpas,mx,88.49,16,76,4.99,1527725745
34,-110,show low,us,84.92,8,1,16.11,1527723300
44,136,rudnaya pristan,ru,64.46,84,0,1.74,1527725746
40,150,sentyabrskiy,ru,,,,,
28,-100,nuevo laredo,mx,99.92,34,0,11.41,1527725746
14,78,kadiri,in,75.98,86,0,8.57,1527725746
40,140,tenno,jp,66.15,77,75,3.36,1527721200
52,140,bogorodskoye,ru,55.46,43,0,6.11,1527725746
16,88,puri,in,78.8,94,40,3.36,1527723000
-12,42,moroni,km,80.84,100,0,13.53,1527725747
46,124,tailai,cn,72.92,61,0,5.21,1527725747
64,34,nadvoitsy,ru,40.7,66,0,10.4,1527725747
4,74,male,mv,84.2,83,75,17.22,1527721200
64,42,lukovetskiy,ru,33.8,64,75,11.18,1527723000
60,36,vytegra,ru,40.25,73,0,12.82,1527725747
40,10,tortoli,it,68,77,0,5.82,1527720900
-6,38,lugoba,tz,74.36,76,80,1.97,1527725748
42,136,olga,ru,64.73,77,0,2.86,1527725748
4,12,mfou,cm,71.6,94,75,2.68,1527721200
72,14,andenes,no,37.4,86,0,4.7,1527724200
34,10,qabis,tn,,,,,
-20,-40,serra,br,71.6,88,0,3.36,1527721200
70,66,sovetskiy,ru,44.3,94,76,10.36,1527725749
52,94,turan,ru,52.04,78,0,1.97,1527725749
2,104,kota tinggi,my,79.72,100,75,1.68,1527724800
32,88,lasa,cn,,,,,
-28,-44,ilhabela,br,70.31,99,12,11.07,1527725749
0,-74,puerto leguizamo,co,76.61,88,24,2.98,1527725751
-28,24,danielskuil,za,52.58,43,88,8.28,1527725751
36,26,astipalaia,gr,,,,,
46,-2,challans,fr,59.63,100,90,4.7,1527724800
6,-4,adzope,ci,74.9,94,44,5.7,1527725751
10,104,kampot,kh,74.81,96,56,4.25,1527725751
36,112,linfen,cn,65.54,71,0,3.87,1527725752
8,130,baculin,ph,80.3,100,48,2.35,1527725752
12,-66,caraballeda,ve,82.4,69,40,4.7,1527721200
-20,48,marolambo,mg,59.78,96,80,1.74,1527725753
56,114,severomuysk,ru,55.01,80,56,2.19,1527725753
-30,156,ballina,au,61.4,100,0,13.53,1527725753
-6,22,kananga,cd,69.14,85,0,2.35,1527725754
66,10,rorvik,no,51.86,86,0,3.47,1527725754
32,-22,ponta do sol,pt,62.6,63,75,13.87,1527724800
0,46,mogadishu,so,78.86,100,48,15.61,1527725687
-6,-72,ipixuna,br,75.2,94,40,9.17,1527721200
38,-122,concord,us,65.07,45,1,4.7,1527723600
-4,12,loubomo,cg,,,,,
-8,124,atambua,id,78.5,95,0,7.61,1527725755
30,116,huangmei,cn,68.06,100,100,9.62,1527725755
48,76,karkaralinsk,kz,,,,,
-12,26,solwezi,zm,58.61,69,8,4.32,1527725755
54,94,koshurnikovo,ru,55.82,80,8,2.19,1527725755
-38,-20,jamestown,sh,72.2,100,44,19.35,1527725510
38,92,hami,cn,69.14,41,68,3.02,1527725756
48,-86,marathon,ca,54.47,90,92,2.46,1527725756
30,-100,uvalde,us,95,36,1,12.75,1527724500
48,-104,sidney,us,78.82,34,1,3.36,1527724380
46,12,valdobbiadene,it,66.16,88,20,3.36,1527724500
46,-90,merrill,us,68,40,75,17.22,1527724380
28,126,yomitan,jp,,,,,
12,-64,la asuncion,ve,79.49,99,0,18.63,1527725757
26,62,gwadar,pk,84.08,68,0,5.88,1527725757
48,70,atasu,kz,36.38,73,0,11.74,1527725757
-22,-44,lima duarte,br,55.4,87,0,3.36,1527721200
